specimen,taxon,loco
AMNH211495Alouatta,Alouatta_caraya,Susp
AMNH211496Alouatta,Alouatta_caraya,Susp
AMNH211498Alouatta,Alouatta_caraya,Susp
AMNH211501Alouatta,Alouatta_caraya,Susp
AMNH211502Alouatta,Alouatta_caraya,Susp
AMNH211507Alouatta,Alouatta_caraya,Susp
AMNH211512Alouatta,Alouatta_caraya,Susp
AMNH211513Alouatta,Alouatta_caraya,Susp
AMNH211517Alouatta,Alouatta_caraya,Susp
AMNH211520Alouatta,Alouatta_caraya,Susp
AMNH211521Alouatta,Alouatta_caraya,Susp
AMNH211522Alouatta,Alouatta_caraya,Susp
AMNH211523Alouatta,Alouatta_caraya,Susp
AMNH211524Alouatta,Alouatta_caraya,Susp
AMNH211525Alouatta,Alouatta_caraya,Susp
AMNH211526Alouatta,Alouatta_caraya,Susp
AMNH211585Alouatta,Alouatta_caraya,Susp
AMNH215060Alouatta,Alouatta_caraya,Susp
AMNH215061Alouatta,Alouatta_caraya,Susp
AMNH30192Ateles_belzebuth,Ateles_belzebuth,Susp
AMNH188126Ateles_belzebuth,Ateles_belzebuth,Susp
AMNH188140Ateles_fusciceps,Ateles_fusciceps,Susp
FMNH41584Ateles_geoffroyi,Ateles_geoffroyi,Susp
FMNH68811Ateles_fusciceps,Ateles_fusciceps,Susp
FMNH68822Ateles_fusciceps,Ateles_fusciceps,Susp
FMNH68823Ateles_fusciceps,Ateles_fusciceps,Susp
FMNH93102Ateles_fusciceps,Ateles_fusciceps,Susp
FMNH93244Ateles_paniscus,Ateles_paniscus,Susp
FMNH95498Ateles_paniscus,Ateles_paniscus,Susp
FMNH68810-aAteles_fusciceps,Ateles_fusciceps,Susp
FMNH68810-bAteles_fusciceps,Ateles_fusciceps,Susp
NMNH276631Ateles_geoffroyi,Ateles_geoffroyi,Susp
NMNH338111Ateles_fusciceps,Ateles_fusciceps,Susp
NMNH338112Ateles_fusciceps,Ateles_fusciceps,Susp
NMNH338113Ateles_fusciceps,Ateles_fusciceps,Susp
NMNH338114Ateles_fusciceps,Ateles_fusciceps,Susp
NMNH338115Ateles_fusciceps,Ateles_fusciceps,Susp
NMNH338116Ateles_fusciceps,Ateles_fusciceps,Susp
FMNH60799Cebuella_pygmaea,Cebuella_pygmaea,AQ/Leap
FMNH124560Cebuella_pygmaea,Cebuella_pygmaea,AQ/Leap
FMNH124561Cebuella_pygmaea,Cebuella_pygmaea,AQ/Leap
FMNH127379Cebuella_pygmaea,Cebuella_pygmaea,AQ/Leap
FMNH137074Cebuella_pygmaea,Cebuella_pygmaea,AQ/Leap
FMNH140356Cebuella_pygmaea,Cebuella_pygmaea,AQ/Leap
NMNH337319Cebuella_pygmaea,Cebuella_pygmaea,AQ/Leap
NMNH337322Cebuella_pygmaea,Cebuella_pygmaea,AQ/Leap
NMNH337323Cebuella_pygmaea,Cebuella_pygmaea,AQ/Leap
NMNH337324Cebuella_pygmaea,Cebuella_pygmaea,AQ/Leap
NMNH337329Cebuella_pygmaea,Cebuella_pygmaea,AQ/Leap
NMNH337330Cebuella_pygmaea,Cebuella_pygmaea,AQ/Leap
AMNH133606Cebus_apella,Cebus_apella,AQ
AMNH133628Cebus_apella,Cebus_apella,AQ
AMNH133637Cebus_apella,Cebus_apella,AQ
AMNH133656Cebus_apella,Cebus_apella,AQ
AMNH133662Cebus_apella,Cebus_apella,AQ
AMNH133665Cebus_apella,Cebus_apella,AQ
AMNH133674Cebus_apella,Cebus_apella,AQ
AMNH133815Cebus_apella,Cebus_apella,AQ
AMNH133851Cebus_apella,Cebus_apella,AQ
AMNH188015Cebus_albifrons,Cebus_albifrons,AQ
AMNH188016Cebus_albifrons,Cebus_albifrons,AQ
AMNH188030Cebus_apella,Cebus_apella,AQ
AMNH188033Cebus_apella,Cebus_apella,AQ
AMNH188035Cebus_apella,Cebus_apella,AQ
AMNH188036Cebus_apella,Cebus_apella,AQ
AMNH188037Cebus_apella,Cebus_apella,AQ
AMNH188038Cebus_apella,Cebus_apella,AQ
AMNH188041Cebus_apella,Cebus_apella,AQ
AMNH188046Cebus_apella,Cebus_apella,AQ
AMNH188047Cebus_apella,Cebus_apella,AQ
AMNH188051Cebus_apella,Cebus_apella,AQ
AMNH209926Cebus_albifrons,Cebus_albifrons,AQ
AMNH209927Cebus_apella,Cebus_apella,AQ
AMNH211559Cebus_albifrons,Cebus_albifrons,AQ
AMNH211562Cebus_albifrons,Cebus_albifrons,AQ
AMNH211566Cebus_albifrons,Cebus_albifrons,AQ
AMNH211567Cebus_albifrons,Cebus_albifrons,AQ
AMNH211569Cebus_albifrons,Cebus_albifrons,AQ
AMNH211570Cebus_albifrons,Cebus_albifrons,AQ
AMNH211574Cebus_albifrons,Cebus_albifrons,AQ
AMNH211578Cebus_apella,Cebus_apella,AQ
AMNH211579Cebus_apella,Cebus_apella,AQ
AMNH211582Cebus_albifrons,Cebus_albifrons,AQ
AMNH211587Cebus_albifrons,Cebus_albifrons,AQ
AMNH211589Cebus_albifrons,Cebus_albifrons,AQ
AMNH211590Cebus_albifrons,Cebus_albifrons,AQ
BMNH1859-2-8-2Cercocebus_torquatus,Cercocebus_torquatus,AQ/TQ
BMNH1938-7-7-2Cercocebus_torquatus,Cercocebus_torquatus,AQ/TQ
BMNH1938-7-7-5Cercocebus_torquatus,Cercocebus_torquatus,AQ/TQ
BMNH1948-450Cercocebus_torquatus_torquatus,Cercocebus_torquatus,AQ/TQ
FMNH73808Cercocebus_torquatus_torquatus,Cercocebus_torquatus,AQ/TQ
FMNH73809Cercocebus_torquatus_torquatus,Cercocebus_torquatus,AQ/TQ
MNHN1899-107Cercocebus_torquatus,Cercocebus_torquatus,AQ/TQ
MNHN1966-311Cercocebus_torquatus,Cercocebus_torquatus,AQ/TQ
MNHN1978-109Cercocebus_torquatus,Cercocebus_torquatus,AQ/TQ
MNHN1995-1545Cercocebus_torquatus,Cercocebus_torquatus,AQ/TQ
BMNH2005-196Cercopithecus_mitis,Cercopithecus_mitis,AQ
BMNH72-52Cercopithecus_mitis_kibonotensis,Cercopithecus_mitis,AQ
BMNH72-53Cercopithecus_mitis_kibonotensis,Cercopithecus_mitis,AQ
BMNH72-54Cercopithecus_mitis_kibonotensis,Cercopithecus_mitis,AQ
BMNH72-58Cercopithecus_mitis_kolbi,Cercopithecus_mitis,AQ
BMNH72-59Cercopithecus_mitis_kolbi,Cercopithecus_mitis,AQ
BMNH72-60Cercopithecus_mitis_kolbi,Cercopithecus_mitis,AQ
BMNH72-63Cercopithecus_mitis_kolbi,Cercopithecus_mitis,AQ
BMNH72-65Cercopithecus_mitis_kolbi,Cercopithecus_mitis,AQ
BMNH72-66Cercopithecus_mitis_kolbi,Cercopithecus_mitis,AQ
BMNH72-76Cercopithecus_mitis_stuhlmanni,Cercopithecus_mitis,AQ
BMNH72-78Cercopithecus_mitis_stuhlmanni,Cercopithecus_mitis,AQ
BMNH72-80Cercopithecus_mitis_stuhlmanni,Cercopithecus_mitis,AQ
BMNH72-82Cercopithecus_mitis_stuhlmanni,Cercopithecus_mitis,AQ
BMNH72-83Cercopithecus_mitis_stuhlmanni,Cercopithecus_mitis,AQ
BMNH72-85Cercopithecus_mitis_stuhlmanni,Cercopithecus_mitis,AQ
BMNH72-87Cercopithecus_mitis_stuhlmanni,Cercopithecus_mitis,AQ
BMNH72-90Cercopithecus_mitis,Cercopithecus_mitis,AQ
NMNH452556Cercopithecus_mitis_kolbi,Cercopithecus_mitis,AQ
NMNH452574Cercopithecus_mitis_kolbi,Cercopithecus_mitis,AQ
NMNH452578Cercopithecus_mitis_kolbi,Cercopithecus_mitis,AQ
NMNH452581Cercopithecus_mitis_kolbi?,Cercopithecus_mitis,AQ
NMNH452588Cercopithecus_mitis_kolbi,Cercopithecus_mitis,AQ
NMNH470262Cercopithecus_mitis,Cercopithecus_mitis,AQ
BMNH1977-3149Chlorocebus_aethiops,Chlorocebus_aethiops,AQ/TQ
BMNH72-23Chlorocebus_aethiops_arenarius,Chlorocebus_aethiops,AQ/TQ
BMNH72-27Chlorocebus_aethiops_pygerythrus,Chlorocebus_aethiops,AQ/TQ
BMNH72-29Chlorocebus_aethiops_pygerythrus,Chlorocebus_aethiops,AQ/TQ
BMNH72-30Chlorocebus_aethiops_pygerythrus,Chlorocebus_aethiops,AQ/TQ
BMNH72-36Chlorocebus_aethiops,Chlorocebus_aethiops,AQ/TQ
MNHN1894-530Chlorocebus_aethiops_cynosuros,Chlorocebus_aethiops,AQ/TQ
MNHN1898-308Chlorocebus_aethiops_sabaeus,Chlorocebus_aethiops,AQ/TQ
MNHN1900-139Chlorocebus_aethiops_sabaeus,Chlorocebus_aethiops,AQ/TQ
MNHN1910-22Chlorocebus_aethiops_sabaeus,Chlorocebus_aethiops,AQ/TQ
MNHN1911-377Chlorocebus_aethiops_sabaeus,Chlorocebus_aethiops,AQ/TQ
MNHN1912-157Chlorocebus_aethiops_sabaeus,Chlorocebus_aethiops,AQ/TQ
MNHN1923-2483Chlorocebus_aethiops_sabaeus,Chlorocebus_aethiops,AQ/TQ
MNHNA3872Chlorocebus_aethiops_sabaeus,Chlorocebus_aethiops,AQ/TQ
NMNH252701Chlorocebus_aethiops_aethiops,Chlorocebus_aethiops,AQ/TQ
NMNH399281Chlorocebus_aethiops_hilgerti,Chlorocebus_aethiops,AQ/TQ
NMNH452591Chlorocebus_aethiops,Chlorocebus_aethiops,AQ/TQ
NMNH452593Chlorocebus_aethiops_centralis,Chlorocebus_aethiops,AQ/TQ
NMNH452596Chlorocebus_aethiops_pygerythrus,Chlorocebus_aethiops,AQ/TQ
NMNH452601Chlorocebus_aethiops_pygerythrus,Chlorocebus_aethiops,AQ/TQ
AMNH27711Colobus_guereza_kikuyuensis,Colobus_guereza,AQ/Leap
AMNH52206Colobus_guereza_occidentalis,Colobus_guereza,AQ/Leap
AMNH52223Colobus_guereza_occidentalis,Colobus_guereza,AQ/Leap
AMNH52229Colobus_guereza_occidentalis,Colobus_guereza,AQ/Leap
AMNH52240Colobus_guereza_occidentalis,Colobus_guereza,AQ/Leap
AMNH52241Colobus_guereza_occidentalis,Colobus_guereza,AQ/Leap
AMNH99468Colobus_guereza_kikuyuensis,Colobus_guereza,AQ/Leap
AMNH187392Colobus_guereza_percivali,Colobus_guereza,AQ/Leap
BMNH72-138Colobus_guereza_matschiei,Colobus_guereza,AQ/Leap
BMNH72-139Colobus_guereza_matschiei,Colobus_guereza,AQ/Leap
BMNH72-151Colobus_guereza_uellensis,Colobus_guereza,AQ/Leap
BMNH72-152Colobus_guereza_uellensis,Colobus_guereza,AQ/Leap
BMNH72-153Colobus_guereza_uellensis,Colobus_guereza,AQ/Leap
MNHNA3842Colobus_abyssinicus,Colobus_guereza,AQ/Leap
MNHNA3844Colobus_abyssinicus,Colobus_guereza,AQ/Leap
NMNH452624Colobus_guereza_matschiei,Colobus_guereza,AQ/Leap
NMNH452630Colobus_guereza_matschiei,Colobus_guereza,AQ/Leap
NMNH452631Colobus_guereza_matschiei,Colobus_guereza,AQ/Leap
NMNH452632Colobus_guereza_matschiei,Colobus_guereza,AQ/Leap
NMNH452633Colobus_guereza_uellensis,Colobus_guereza,AQ/Leap
NMNH452634Colobus_guereza_matschiei,Colobus_guereza,AQ/Leap
NMNH452641Colobus_abyssinicus_abyssinicus,Colobus_guereza,AQ/Leap
NMNH452642Colobus_guereza_matschiei,Colobus_guereza,AQ/Leap
BMNH1888-2-18-2Daubentonia_madagascariensis,Daubentonia_madagascariensis,AQ
BMNH84-474Daubentonia_madagascariensis,Daubentonia_madagascariensis,AQ
MNHN1883-648Daubentonia_madagascariensis,Daubentonia_madagascariensis,AQ
MNHN1901-647Daubentonia_madagascariensis,Daubentonia_madagascariensis,AQ
MNHN1911-136Daubentonia_madagascariensis,Daubentonia_madagascariensis,AQ
MNHN1992-4Daubentonia_madagascariensis,Daubentonia_madagascariensis,AQ
MNHN2002-78Daubentonia_madagascariensis,Daubentonia_madagascariensis,AQ
MNHN2005-257Daubentonia_madagascariensis,Daubentonia_madagascariensis,AQ
AMNH34709Erythrocebus_patas_pyrrhonatus,Erythrocebus_patas,TQ
AMNH34712Erythrocebus_patas_pyrrhonatus,Erythrocebus_patas,TQ
AMNH34714Erythrocebus_patas_pyrrhonatus,Erythrocebus_patas,TQ
MNHN1886-270Erythrocebus_patas,Erythrocebus_patas,TQ
MNHN1996-2165Erythrocebus_patas,Erythrocebus_patas,TQ
AMNH170708Eulemur_fulvus_albifrons,Eulemur_fulvus_albifrons,AQ
AMNH170715Eulemur_fulvus_albifrons,Eulemur_fulvus_albifrons,AQ
AMNH170717Eulemur_fulvus_albifrons,Eulemur_fulvus_albifrons,AQ
AMNH170719Eulemur_fulvus_albifrons,Eulemur_fulvus_albifrons,AQ
AMNH170723Eulemur_fulvus_albifrons,Eulemur_fulvus_albifrons,AQ
AMNH170725Eulemur_fulvus_albifrons,Eulemur_fulvus_albifrons,AQ
AMNH170728Eulemur_fulvus_albifrons,Eulemur_fulvus_albifrons,AQ
AMNH170749Eulemur_fulvus_collaris,Eulemur_fulvus_collaris,AQ
AMNH170750Eulemur_fulvus_collaris,Eulemur_fulvus_collaris,AQ
AMNH170755Eulemur_fulvus_collaris,Eulemur_fulvus_collaris,AQ
AMNH170759Eulemur_fulvus_collaris,Eulemur_fulvus_collaris,AQ
AMNH170764Eulemur_fulvus_collaris,Eulemur_fulvus_collaris,AQ
BMNH1870-5-5-7Eulemur_fulvus,Eulemur_fulvus_fulvus,AQ
BMNH1948-10-18-1Eulemur_fulvus,Eulemur_fulvus_fulvus,AQ
BMNH1948-10-18-2Eulemur_fulvus,Eulemur_fulvus_fulvus,AQ
BMNH1948-5-12-7Eulemur_fulvus,Eulemur_fulvus_fulvus,AQ
MNHN1906-36Eulemur_fulvus,Eulemur_fulvus_fulvus,AQ
MNHN1962-231Eulemur_fulvus,Eulemur_fulvus_fulvus,AQ
MNHN1987-251Eulemur_fulvus_albifrons,Eulemur_fulvus_fulvus,AQ
MNHN1996-2160Eulemur_fulvus_fulvus,Eulemur_fulvus_albifrons,AQ
MNHNA3916Eulemur_fulvus,Eulemur_fulvus_fulvus,AQ
AMNH187354Galago_senegalensis,Galago_senegalensis,VCL
AMNH187355Galago_senegalensis,Galago_senegalensis,VCL
AMNH187357Galago_senegalensis,Galago_senegalensis,VCL
AMNH187358Galago_senegalensis,Galago_senegalensis,VCL
AMNH187359Galago_senegalensis,Galago_senegalensis,VCL
AMNH187361Galago_senegalensis,Galago_senegalensis,VCL
AMNH187367Galago_senegalensis,Galago_senegalensis,VCL
BMNH1952-7-28-1Galago_senegalensis_senegalensis,Galago_senegalensis,VCL
BMNH1952-7-28-2Galago_senegalensis_senegalensis,Galago_senegalensis,VCL
BMNH1952-7-28-3Galago_senegalensis_senegalensis,Galago_senegalensis,VCL
BMNH1952-7-2-8-4Galago_senegalensis_senegalensis,Galago_senegalensis,VCL
BMNH1962-27Galago_senegalensis_braccatus,Galago_senegalensis,VCL
BMNH1963-5-7-1Galago_senegalensis_moholi,Galago_moholi,VCL
FMNH54443Galago_senegalensis,Galago_senegalensis,VCL
FMNH58976Galago_senegalensis,Galago_senegalensis,VCL
FMNH127375Galago_senegalensis,Galago_senegalensis,VCL
FMNH134470Galago_senegalensis,Galago_senegalensis,VCL
FMNH135741Galago_senegalensis,Galago_senegalensis,VCL
FMNH186919Galago_senegalensis,Galago_senegalensis,VCL
FMNH186925Galago_senegalensis,Galago_senegalensis,VCL
MNHN1966-338Galago_senegalensis,Galago_senegalensis,VCL
NMNH397875Galago_senegalensis,Galago_senegalensis,VCL
NMNH397966Galago_senegalensis,Galago_senegalensis,VCL
NMNH397967Galago_senegalensis,Galago_senegalensis,VCL
NMNH397968Galago_senegalensis,Galago_senegalensis,VCL
NMNH397969Galago_senegalensis,Galago_senegalensis,VCL
NMNH398069Galago_senegalensis,Galago_senegalensis,VCL
NMNH450748Galago_senegalensis_senegalensis,Galago_senegalensis,VCL
NMNH589581Galago_senegalensis,Galago_senegalensis,VCL
AMNH54090Gorilla_gorilla_beringei,Gorilla_beringei,TQ
AMNH54091Gorilla_gorilla_beringei,Gorilla_beringei,TQ
AMNH54092Gorilla_gorilla_beringei,Gorilla_beringei,TQ
AMNH54327Gorilla_gorilla_gorilla,Gorilla_gorilla,TQ
AMNH54355Gorilla_gorilla_gorilla,Gorilla_gorilla,TQ
AMNH54356Gorilla_gorilla_gorilla,Gorilla_gorilla,TQ
AMNH81651Gorilla_gorilla_gorilla,Gorilla_gorilla,TQ
AMNH81652Gorilla_gorilla_gorilla,Gorilla_gorilla,TQ
AMNH90290Gorilla_gorilla_gorilla,Gorilla_gorilla,TQ
AMNH167335Gorilla_gorilla_gorilla,Gorilla_gorilla,TQ
AMNH167336Gorilla_gorilla_gorilla,Gorilla_gorilla,TQ
AMNH167338Gorilla_gorilla_gorilla,Gorilla_gorilla,TQ
AMNH167340Gorilla_gorilla_gorilla,Gorilla_gorilla,TQ
AMNH201459Gorilla_gorilla_gorilla,Gorilla_gorilla,TQ
AMNH201460Gorilla_gorilla_gorilla,Gorilla_gorilla,TQ
AMNH239597Gorilla_gorilla,Gorilla_gorilla,TQ
CMNHHTB1756Gorilla_gorilla_gorilla,Gorilla_gorilla,TQ
CMNHHTB1798Gorilla_gorilla_gorilla,Gorilla_gorilla,TQ
CMNHHTB1806Gorilla_gorilla_gorilla,Gorilla_gorilla,TQ
CMNHHTB1846Gorilla_gorilla_gorilla,Gorilla_gorilla,TQ
AMNH170668Hapalemur_griseus_griseus,Hapalemur_griseus,VCL
AMNH170672Hapalemur_griseus_griseus,Hapalemur_griseus,VCL
AMNH170675Hapalemur_griseus_griseus,Hapalemur_griseus,VCL
AMNH170680Hapalemur_griseus_griseus,Hapalemur_griseus,VCL
AMNH170689Hapalemur_griseus_griseus,Hapalemur_griseus,VCL
AMNH170691Hapalemur_griseus_griseus,Hapalemur_griseus,VCL
BMNH1870-5-5-4Hapalemur_griseus,Hapalemur_griseus,VCL
BMNH1958-3-4-5Hapalemur_griseus,Hapalemur_griseus,VCL
FMNH57631Hapalemur_griseus,Hapalemur_griseus,VCL
MNHN1940-318Hapalemur_simus,Hapalemur_simus,VCL
MNHN2000-377Hapalemur_griseus,Hapalemur_griseus,VCL
NMNH83662Hapalemur-griseus_griseus,Hapalemur_griseus,VCL
NMNH83666Hapalemur_griseus_griseus,Hapalemur_griseus,VCL
NMNH83667Hapalemur_griseus_griseus,Hapalemur_griseus,VCL
NMNH83668Hapalemur_griseus_griseus,Hapalemur_griseus,VCL
AMNH11092Hylobates_hoolock,Hylobates_hoolock,Susp
AMNH43065Hylobates_hoolock_hoolock,Hylobates_hoolock,Susp
AMNH83415Hylobates_hoolock_hoolock,Hylobates_hoolock,Susp
AMNH83416Hylobates_hoolock_hoolock,Hylobates_hoolock,Susp
AMNH83417Hylobates_hoolock_hoolock,Hylobates_hoolock,Susp
AMNH83419Hylobates_hoolock_hoolock,Hylobates_hoolock,Susp
AMNH83420Hylobates_hoolock_hoolock,Hylobates_hoolock,Susp
AMNH83423Hylobates_hoolock,Hylobates_hoolock,Susp
AMNH83425Hylobates_hoolock_hoolock,Hylobates_hoolock,Susp
AMNH83426Hylobates_hoolock_hoolock,Hylobates_hoolock,Susp
AMNH112720Hylobates_hoolock_hoolock,Hylobates_hoolock,Susp
MCZ35943Hylobates_lar_lar,Hylobates_lar,Susp
MCZ35945Hylobates_lar_lar,Hylobates_lar,Susp
MCZ35946Hylobates_lar_lar,Hylobates_lar,Susp
MCZ35949Hylobates_lar_lar,Hylobates_lar,Susp
MCZ35950Hylobates_lar_lar,Hylobates_lar,Susp
MCZ41412Hylobates_lar_lar,Hylobates_lar,Susp
MCZ41415Hylobates_lar_lar,Hylobates_lar,Susp
MCZ41416Hylobates_lar_lar,Hylobates_lar,Susp
MCZ41418Hylobates_lar_lar,Hylobates_lar,Susp
MCZ41420Hylobates_lar_lar,Hylobates_lar,Susp
MCZ41423Hylobates_lar_lar,Hylobates_lar,Susp
MCZ41424Hylobates_lar_lar,Hylobates_lar,Susp
MCZ41427Hylobates_lar_lar,Hylobates_lar,Susp
MCZ41428Hylobates_lar_lar,Hylobates_lar,Susp
MCZ41431Hylobates_lar_lar,Hylobates_lar,Susp
MCZ41460Hylobates_lar_lar,Hylobates_lar,Susp
MCZ41463Hylobates_lar_lar,Hylobates_lar,Susp
MCZ41464Hylobates_lar_lar,Hylobates_lar,Susp
MCZ41465Hylobates_lar_lar,Hylobates_lar,Susp
MCZ41469Hylobates_lar_lar,Hylobates_lar,Susp
MCZ41472Hylobates_lar_lar,Hylobates_lar,Susp
MCZ41489Hylobates_lar_lar,Hylobates_lar,Susp
MCZ41492Hylobates_lar_lar,Hylobates_lar,Susp
AMNH100508Indri_indri,Indri_indri,VCL
BMNH1848-10-28-1Indri_indri,Indri_indri,VCL
BMNH1935-1-8-6Indri_indri,Indri_indri,VCL
MNHN1871-386Indri_indri,Indri_indri,VCL
MNHN1871-387Indri_indri,Indri_indri,VCL
MNHN1934-597Indri_indri,Indri_indri,VCL
MNHN1982-977Indri_indri,Indri_indri,VCL
FMNH70574Lagothrix_lagothricha_lugens,Lagothrix_lagotricha,Susp
FMNH70576Lagothrix_lagothricha_lugens,Lagothrix_lagotricha,Susp
FMNH70584Lagothrix_lagothricha_lugens,Lagothrix_lagotricha,Susp
FMNH70591Lagothrix_lagothricha_lagothricha,Lagothrix_lagotricha,Susp
FMNH70593Lagothrix_lagothricha_lagothricha,Lagothrix_lagotricha,Susp
FMNH70597Lagothrix_lagothricha_lagothricha,Lagothrix_lagotricha,Susp
FMNH98050Lagothrix_lagothricha_lagothricha,Lagothrix_lagotricha,Susp
FMNH98054Lagothrix_lagothricha_lagothricha,Lagothrix_lagotricha,Susp
FMNH98055Lagothrix_lagothricha_lagothricha,Lagothrix_lagotricha,Susp
MNHN1888-408Lagothrix_lagotricha,Lagothrix_lagotricha,Susp
AMNH170740Lemur_catta,Lemur_catta,AQ/TQ
BMNH1875-7-20-10Lemur_catta,Lemur_catta,AQ/TQ
BMNH1968-7-1-1Lemur_catta,Lemur_catta,AQ/TQ
BMNH1981-747Lemur_catta,Lemur_catta,AQ/TQ
BMOC065Lemur_catta,Lemur_catta,AQ/TQ
BMOC069Lemur_catta,Lemur_catta,AQ/TQ
BMOC099Lemur_catta,Lemur_catta,AQ/TQ
BMOC102Lemur_catta,Lemur_catta,AQ/TQ
BMOC107Lemur_catta,Lemur_catta,AQ/TQ
BMOC108Lemur_catta,Lemur_catta,AQ/TQ
BMOC193Lemur_catta,Lemur_catta,AQ/TQ
FMNH89766Lemur_catta,Lemur_catta,AQ/TQ
FMNH127368Lemur_catta,Lemur_catta,AQ/TQ
MNHN1871-391Lemur_catta,Lemur_catta,AQ/TQ
MNHN1888-396Lemur_catta,Lemur_catta,AQ/TQ
MNHN1890-323Lemur_catta,Lemur_catta,AQ/TQ
MNHN1896-379Lemur_catta,Lemur_catta,AQ/TQ
MNHN1906-311Lemur_catta,Lemur_catta,AQ/TQ
MNHN1909-289Lemur_catta,Lemur_catta,AQ/TQ
MNHN1910-101Lemur_catta,Lemur_catta,AQ/TQ
MNHN1914-307Lemur_catta,Lemur_catta,AQ/TQ
MNHNA3911Lemur_catta,Lemur_catta,AQ/TQ
MNHNA3917Lemur_catta,Lemur_catta,AQ/TQ
NMNH534283Leontopithecus_rosalia,Leontopithecus_rosalia,AQ/Leap
NMNH546321Leontopithecus_rosalia,Leontopithecus_rosalia,AQ/Leap
NMNH546323Leontopithecus_rosalia,Leontopithecus_rosalia,AQ/Leap
NMNH575160Leontopithecus_rosalia_chrysomelas,Leontopithecus_chrysomelas,AQ/Leap
NMNH583258Leontopithecus_rosalia_chrysomelas,Leontopithecus_chrysomelas,AQ/Leap
NMNH583928Leontopithecus_rosalia,Leontopithecus_rosalia,AQ/Leap
NMNH583929Leontopithecus_rosalia,Leontopithecus_rosalia,AQ/Leap
NMNH583930Leontopithecus_chrysomelas,Leontopithecus_chrysomelas,AQ/Leap
NMNH583931Leontopithecus_chrysomelas,Leontopithecus_chrysomelas,AQ/Leap
NMNH588152Leontopithecus_rosalia,Leontopithecus_rosalia,AQ/Leap
NMNH588164Leontopithecus_rosalia,Leontopithecus_rosalia,AQ/Leap
NMNH588171Leontopithecus_rosalia,Leontopithecus_rosalia,AQ/Leap
NMNH588176Leontopithecus_rosalia,Leontopithecus_rosalia,AQ/Leap
NMNH588177Leontopithecus_rosalia,Leontopithecus_rosalia,AQ/Leap
NMNH588229Leontopithecus_chrysomelas,Leontopithecus_chrysomelas,AQ/Leap
NMNH588334Leontopithecus_rosalia,Leontopithecus_rosalia,AQ/Leap
NMNH588424Leontopithecus_rosalia_rosalia,Leontopithecus_rosalia,AQ/Leap
NMNH589088Leontopithecus_rosalia,Leontopithecus_rosalia,AQ/Leap
AMNH31251Lepilemur_mustelinus_edwardsi,Lepilemur_edwardsi,VCL
AMNH100834Lepilemur_mustelinus_mustelinus,Lepilemur_mustelinus,VCL
AMNH170552Lepilemur_mustelinus_leucopus,Lepilemur_leucopus,VCL
AMNH170554Lepilemur_mustelinus_leucopus,Lepilemur_leucopus,VCL
AMNH170557Lepilemur_mustelinus_leucopus,Lepilemur_leucopus,VCL
AMNH170558Lepilemur_mustelinus_leucopus,Lepilemur_leucopus,VCL
AMNH170559Lepilemur_mustelinus_leucopus,Lepilemur_leucopus,VCL
AMNH170561Lepilemur_mustelinus_leucopus,Lepilemur_leucopus,VCL
AMNH170563Lepilemur_mustelinus_leucopus,Lepilemur_leucopus,VCL
AMNH170564Lepilemur_mustelinus_leucopus,Lepilemur_leucopus,VCL
AMNH170565Lepilemur_mustelinus_leucopus,Lepilemur_leucopus,VCL
AMNH170566Lepilemur_mustelinus_leucopus,Lepilemur_leucopus,VCL
AMNH170567Lepilemur_mustelinus_leucopus,Lepilemur_leucopus,VCL
AMNH170568Lepilemur_mustelinus_leucopus,Lepilemur_leucopus,VCL
AMNH170569Lepilemur_mustelinus_leucopus,Lepilemur_leucopus,VCL
AMNH170570Lepilemur_mustelinus_leucopus,Lepilemur_leucopus,VCL
BMNH1897-9-1-23Lepilemur_mustelinus,Lepilemur_mustelinus,VCL
BMNH1958-3-4-6Lepilemur_mustelinus,Lepilemur_mustelinus,VCL
BMNH71-4-3-11Lepilemur_mustelinus,Lepilemur_mustelinus,VCL
AMNH30620Macaca_fascicularis,Macaca_fascicularis,AQ
AMNH30622Macaca_fascicularis,Macaca_fascicularis,AQ
AMNH103654Macaca_fascicularis,Macaca_fascicularis,AQ
AMNH103659Macaca_fascicularis,Macaca_fascicularis,AQ
BMNH1872-8-20-1Macaca_fascicularis,Macaca_fascicularis,AQ
BMNH1894-6-12-13Macaca_fascicularis,Macaca_fascicularis,AQ
FMNH61026Macaca_fascicularis_fascicularis,Macaca_fascicularis,AQ
FMNH62273Macaca_fascicularis_philippinensis,Macaca_fascicularis,AQ
FMNH62275Macaca_fascicularis_philippinensis,Macaca_fascicularis,AQ
FMNH62276Macaca_fascicularis_philippinensis,Macaca_fascicularis,AQ
FMNH62902Macaca_fascicularis_philippinensis,Macaca_fascicularis,AQ
FMNH65451Macaca_fascicularis_fascicularis,Macaca_fascicularis,AQ
MCZ35608Macaca_fascicularis_fascicularis,Macaca_fascicularis,AQ
MCZ35612Macaca_fascicularis_fascicularis,Macaca_fascicularis,AQ
MCZ35613Macaca_fascicularis_fascicularis,Macaca_fascicularis,AQ
MCZ35619Macaca_fascicularis_fascicularis,Macaca_fascicularis,AQ
MCZ35629Macaca_fascicularis_fascicularis,Macaca_fascicularis,AQ
MCZ35634Macaca_fascicularis_fascicularis,Macaca_fascicularis,AQ
MCZ35652Macaca_fascicularis_fascicularis,Macaca_fascicularis,AQ
MCZ35656Macaca_fascicularis_fascicularis,Macaca_fascicularis,AQ
MCZ35658Macaca_fascicularis_fascicularis,Macaca_fascicularis,AQ
MCZ35677Macaca_fascicularis_fascicularis,Macaca_fascicularis,AQ
MCZ35681Macaca_fascicularis_fascicularis,Macaca_fascicularis,AQ
MCZ35694Macaca_fascicularis_fascicularis,Macaca_fascicularis,AQ
MCZ35701Macaca_fascicularis_fascicularis,Macaca_fascicularis,AQ
MCZ35729Macaca_fascicularis_fascicularis,Macaca_fascicularis,AQ
MCZ35736Macaca_fascicularis_fascicularis,Macaca_fascicularis,AQ
MCZ37352Macaca_fascicularis_fascicularis,Macaca_fascicularis,AQ
MCZ37357Macaca_fascicularis_fascicularis,Macaca_fascicularis,AQ
MCZ37407Macaca_fascicularis_fascicularis,Macaca_fascicularis,AQ
MCZ37414Macaca_fascicularis_fascicularis,Macaca_fascicularis,AQ
MNHN1874-603Macaca_fascicularis,Macaca_fascicularis,AQ
MNHN1876-411Macaca_fascicularis,Macaca_fascicularis,AQ
MNHNA3886Macaca_fascicularis,Macaca_fascicularis,AQ
NMNH573504Macaca_fascicularis,Macaca_fascicularis,AQ
AMNH28256Macaca_nemestrina_nemestrina,Macaca_nemestrina,TQ
AMNH106563Macaca_nemestrina_nemestrina,Macaca_nemestrina,TQ
AMNH106564Macaca_nemestrina_nemestrina,Macaca_nemestrina,TQ
MNHN1929-197Macaca_nemestrina,Macaca_nemestrina,TQ
MNHNA3883Macaca_nemestrina,Macaca_nemestrina,TQ
MNHNA3896Macaca_nemestrina,Macaca_nemestrina,TQ
NMNH49691Macaca_nemestrina,Macaca_nemestrina,TQ
NMNH49696Macaca_nemestrina,Macaca_nemestrina,TQ
NMNH49874Macaca_nemestrina,Macaca_nemestrina,TQ
NMNH154367Macaca_nemestrina,Macaca_nemestrina,TQ
NMNH199165Macaca_nemestrina,Macaca_nemestrina,TQ
NMNH305069Macaca_nemestrina,Macaca_nemestrina,TQ
AMNH89367Mandrillus_sphinx,Mandrillus_sphinx,TQ
AMNH170364Mandrillus_sphinx,Mandrillus_sphinx,TQ
AMNH170366Mandrillus_sphinx,Mandrillus_sphinx,TQ
BMNH1948-7-6-2Mandrillus_sphinx,Mandrillus_sphinx,TQ
FMNH44886Mandrillus_sphinx,Mandrillus_sphinx,TQ
FMNH127413Mandrillus_sphinx,Mandrillus_sphinx,TQ
FMNH135289Mandrillus_sphinx,Mandrillus_sphinx,TQ
MNHN1890-59Mandrillus_sphinx,Mandrillus_sphinx,TQ
BMNH1977-861Miopithecus_talapoin,Miopithecus_talapoin,AQ
BMNH1977-862Miopithecus_talapoin,Miopithecus_talapoin,AQ
BMNH1977-867Miopithecus_talapoin,Miopithecus_talapoin,AQ
BMNH1977-872Miopithecus_talapoin,Miopithecus_talapoin,AQ
BMNH1977-874Miopithecus_talapoin,Miopithecus_talapoin,AQ
FMNH95273Miopithecus_talapoin,Miopithecus_talapoin,AQ
FMNH121359Miopithecus_talapoin,Miopithecus_talapoin,AQ
FMNH129459Miopithecus_talapoin,Miopithecus_talapoin,AQ
MNHN1940-276Miopithecus_talapoin,Miopithecus_talapoin,AQ
MNHN1970-399Miopithecus_talapoin,Miopithecus_talapoin,AQ
MNHN1998-1949Miopithecus_talapoin,Miopithecus_talapoin,AQ
MNHNA3863Miopithecus_talapoin,Miopithecus_talapoin,AQ
NMNH397321Miopithecus_talapoin,Miopithecus_talapoin,AQ
NMNH397625Miopithecus_talapoin,Miopithecus_talapoin,AQ
NMNH397656Miopithecus_talapoin,Miopithecus_talapoin,AQ
AMNH28255Nasalis_larvatus,Nasalis_larvatus,AQ/Leap
AMNH103669Nasalis_larvatus,Nasalis_larvatus,AQ/Leap
AMNH103671Nasalis_larvatus,Nasalis_larvatus,AQ/Leap
AMNH106272Nasalis_larvatus,Nasalis_larvatus,AQ/Leap
AMNH106273Nasalis_larvatus,Nasalis_larvatus,AQ/Leap
AMNH106274Nasalis_larvatus,Nasalis_larvatus,AQ/Leap
AMNH106275Nasalis_larvatus,Nasalis_larvatus,AQ/Leap
BMNH1939-1152Nasalis_larvatus,Nasalis_larvatus,AQ/Leap
BMNH1939-1153Nasalis_larvatus,Nasalis_larvatus,AQ/Leap
MCZ37327Nasalis_larvatus,Nasalis_larvatus,AQ/Leap
MCZ37329Nasalis_larvatus,Nasalis_larvatus,AQ/Leap
MCZ37330Nasalis_larvatus,Nasalis_larvatus,AQ/Leap
MCZ37331Nasalis_larvatus,Nasalis_larvatus,AQ/Leap
MCZ37339Nasalis_larvatus,Nasalis_larvatus,AQ/Leap
MCZ37341Nasalis_larvatus,Nasalis_larvatus,AQ/Leap
MCZ37343Nasalis_larvatus,Nasalis_larvatus,AQ/Leap
MCZ37344Nasalis_larvatus,Nasalis_larvatus,AQ/Leap
MCZ41561Nasalis_larvatus,Nasalis_larvatus,AQ/Leap
MNHN1901-766Nasalis_larvatus,Nasalis_larvatus,AQ/Leap
NMNH151817Nasalis_larvatus,Nasalis_larvatus,AQ/Leap
BMNH1896-11-29-4Nycticebus_coucang_bengalensis,Nycticebus_bengalensis,Slow
BMNH1948-5-12-1Nycticebus_coucang_javanicus,Nycticebus_javanicus,Slow
FMNH57318Nycticebus_coucang_menagensis,Nycticebus_menagensis,Slow
FMNH57330Nycticebus_coucang_bengalensis,Nycticebus_bengalensis,Slow
FMNH57463Nycticebus_coucang_menagensis,Nycticebus_menagensis,Slow
FMNH60790Nycticebus_coucang,Nycticebus_coucang,Slow
FMNH89464Nycticebus_coucang_menagensis,Nycticebus_menagensis,Slow
FMNH89465Nycticebus_coucang_menagensis,Nycticebus_menagensis,Slow
FMNH89467Nycticebus_coucang_menagensis,Nycticebus_menagensis,Slow
FMNH108856Nycticebus_coucang_coucang,Nycticebus_coucang,Slow
FMNH171104Nycticebus_coucang,Nycticebus_coucang,Slow
MNHN1888-840Nycticebus_cinereus,Nycticebus_bengalensis,Slow
MNHNA3962Nycticebus_coucang,Nycticebus_coucang,Slow
NMNH21179Nycticebus_coucang,Nycticebus_coucang,Slow
AMNH216239Otolemur_crassicaudatus,Otolemur_crassicaudatus,AQ
AMNH216240Otolemur_crassicaudatus,Otolemur_crassicaudatus,AQ
AMNH216244Otolemur_crassicaudatus,Otolemur_crassicaudatus,AQ
BMNH1937-11-4-1Otolemur_crassicaudatus_panganiensis,Otolemur_crassicaudatus,AQ
FMNH60721Otolemur_crassicaudatus,Otolemur_crassicaudatus,AQ
FMNH198178Otolemur_crassicaudatus,Otolemur_crassicaudatus,AQ
NMNH365720Otolemur_crassicaudatus_kirkii,Otolemur_crassicaudatus,AQ
NMNH365730Otolemur_crassicaudatus_kirkii,Otolemur_crassicaudatus,AQ
NMNH396164Otolemur_crassicaudatus_panganiensis,Otolemur_crassicaudatus,AQ
NMNH397318Otolemur_crassicaudatus_panganiensis,Otolemur_crassicaudatus,AQ
NMNH397661Otolemur_crassicaudatus_panganiensis,Otolemur_crassicaudatus,AQ
NMNH397662Otolemur_crassicaudatus,Otolemur_crassicaudatus,AQ
NMNH397672Otolemur_crassicaudatus_panganiensis,Otolemur_crassicaudatus,AQ
NMNH397725Otolemur_crassicaudatus_panganiensis,Otolemur_crassicaudatus,AQ
NMNH397989Otolemur_crassicaudatus,Otolemur_crassicaudatus,AQ
NMNH397992Otolemur_crassicaudatus,Otolemur_crassicaudatus,AQ
NMNH398009Otolemur_crassicaudatus,Otolemur_crassicaudatus,AQ
NMNH398050Otolemur_crassicaudatus_panganiensis,Otolemur_crassicaudatus,AQ
NMNH398051Otolemur_crassicaudatus_panganiensis,Otolemur_crassicaudatus,AQ
NMNH398052Otolemur_crassicaudatus_panganiensis,Otolemur_crassicaudatus,AQ
NMNH398076Otolemur_crassicaudatus_panganiensis,Otolemur_crassicaudatus,AQ
NMNH398077Otolemur_crassicaudatus_panganiensis,Otolemur_crassicaudatus,AQ
NMNH425417Otolemur_crassicaudatus,Otolemur_crassicaudatus,AQ
NMNH425418Otolemur_crassicaudatus_kirkii,Otolemur_crassicaudatus,AQ
AMNH51202Pan_troglodytes_schweinfurthii,Pan_troglodytes,TQ
AMNH51377Pan_troglodytes_schweinfurthii,Pan_troglodytes,TQ
AMNH51393Pan_troglodytes_schweinfurthii,Pan_troglodytes,TQ
AMNH54330Pan_troglodytes_troglodytes,Pan_troglodytes,TQ
AMNH89351Pan_troglodytes_verus,Pan_troglodytes,TQ
AMNH89354Pan_troglodytes_verus,Pan_troglodytes,TQ
AMNH89355Pan_troglodytes_verus,Pan_troglodytes,TQ
AMNH89407Pan_troglodytes_verus,Pan_troglodytes,TQ
AMNH90189Pan_troglodytes_troglodytes,Pan_troglodytes,TQ
AMNH90190Pan_troglodytes_troglodytes,Pan_troglodytes,TQ
AMNH167341Pan_troglodytes_troglodytes,Pan_troglodytes,TQ
AMNH167342Pan_troglodytes_troglodytes,Pan_troglodytes,TQ
AMNH174861Pan,Pan_troglodytes,TQ
CMNHHTB1707Pan_troglodytes,Pan_troglodytes,TQ
CMNHHTB1708Pan_troglodytes,Pan_troglodytes,TQ
CMNHHTB1713Pan_troglodytes,Pan_troglodytes,TQ
CMNHHTB1719Pan_troglodytes,Pan_troglodytes,TQ
CMNHHTB1720Pan_troglodytes,Pan_troglodytes,TQ
CMNHHTB1721Pan_troglodytes,Pan_troglodytes,TQ
CMNHHTB1738Pan_troglodytes,Pan_troglodytes,TQ
CMNHHTB1739Pan_troglodytes,Pan_troglodytes,TQ
CMNHHTB1744Pan_troglodytes,Pan_troglodytes,TQ
CMNHHTB1748Pan_troglodytes,Pan_troglodytes,TQ
CMNHHTB1755Pan_troglodytes,Pan_troglodytes,TQ
CMNHHTB1758Pan_troglodytes,Pan_troglodytes,TQ
CMNHHTB1759Pan_troglodytes,Pan_troglodytes,TQ
CMNHHTB1766Pan_troglodytes,Pan_troglodytes,TQ
CMNHHTB1843Pan_troglodytes,Pan_troglodytes,TQ
CMNHHTB1880Pan_troglodytes,Pan_troglodytes,TQ
CMNHHTB1882Pan_troglodytes,Pan_troglodytes,TQ
CMNHHTB2026Pan_troglodytes,Pan_troglodytes,TQ
CMNHHTB2072Pan_troglodytes,Pan_troglodytes,TQ
CMNHHTB2746Pan_troglodytes,Pan_troglodytes,TQ
CMNHHTB2771Pan_troglodytes,Pan_troglodytes,TQ
CMNHHTB2823Pan_troglodytes,Pan_troglodytes,TQ
CMNHHTB3539Pan_troglodytes,Pan_troglodytes,TQ
CMNHHTB3551Pan_troglodytes,Pan_troglodytes,TQ
BMNH1862-6-26-1Papio_ursinus,Papio_ursinus,TQ
BMNH1862-6-26-2Papio_ursinus,Papio_ursinus,TQ
BMNH1948-8-3-2Papio_anubis,Papio_anubis,TQ
BMNH1962-12-14-6Papio_anubis,Papio_anubis,TQ
BMNH1962-7-6-13Papio_cynocephalus,Papio_cynocephalus,TQ
BMNH35-2-14-1Papio_anubis,Papio_anubis,TQ
BMNH72-129Papio_cynocephalus,Papio_cynocephalus,TQ
MNHN1872-454Papio_cynocephalus,Papio_cynocephalus,TQ
MNHN1880-1295Papio_hamadryas,Papio_hamadryas,TQ
MNHN1911-367Papio_papio,Papio_papio,TQ
MNHN1932-572Papio_hamadryas,Papio_hamadryas,TQ
MNHN1934-616Papio_anubis,Papio_anubis,TQ
MNHNA3906Papio_papio,Papio_papio,TQ
NMNH20860Papio_ursinus,Papio_ursinus,TQ
NMNH144059Papio_anubis,Papio_anubis,TQ
NMNH199060Papio_hamadryas,Papio_hamadryas,TQ
NMNH236976Papio_anubis_anubis,Papio_anubis,TQ
NMNH237574Papio_hamadryas,Papio_hamadryas,TQ
NMNH239743Papio_anubis,Papio_anubis,TQ
NMNH258502Papio_hamadryas,Papio_hamadryas,TQ
NMNH269411Papio_ursinus,Papio_ursinus,TQ
NMNH301518Papio_ursinus,Papio_ursinus,TQ
NMNH354985Papio_anubis_neumanni,Papio_anubis,TQ
NMNH354987Papio_anubis_neumanni,Papio_anubis,TQ
NMNH354988Papio_anubis_neumanni,Papio_anubis,TQ
NMNH354989Papio_anubis,Papio_anubis,TQ
NMNH354992Papio_anubis,Papio_anubis,TQ
NMNH354993Papio_anubis_neumanni,Papio_anubis,TQ
NMNH384227Papio_anubis_neumanni,Papio_anubis,TQ
NMNH384228Papio_anubis_neumanni,Papio_anubis,TQ
NMNH384229Papio_anubis,Papio_anubis,TQ
NMNH384235Papio_anubis_neumanni,Papio_anubis,TQ
NMNH384238Papio_cynocephalus,Papio_cynocephalus,TQ
NMNH384239Papio_cynocephalus,Papio_cynocephalus,TQ
NMNH395438Papio_anubis_neumanni,Papio_anubis,TQ
NMNH396185Papio_cynocephalus,Papio_cynocephalus,TQ
NMNH396187Papio_cynocephalus,Papio_cynocephalus,TQ
NMNH396188Papio_cynocephalus,Papio_cynocephalus,TQ
NMNH397476Papio_anubis,Papio_anubis,TQ
NMNH452508Papio_cynocephalus,Papio_cynocephalus,TQ
NMNH452509Papio_cynocephalus,Papio_cynocephalus,TQ
BMNH1846-12-12-2Perodicticus_potto,Perodicticus_potto,Slow
BMNH1932-8-1-21Perodicticus_potto,Perodicticus_potto,Slow
BMNH1948-588Perodicticus_potto_edwardsi,Perodicticus_potto,Slow
BMNH1948-589Perodicticus_potto_edwardsi,Perodicticus_potto,Slow
BMNH1948-590Perodicticus_potto_edwardsi,Perodicticus_potto,Slow
BMNH1948-591Perodicticus_potto,Perodicticus_potto,Slow
BMNH1948-594aPerodicticus_potto_edwardsi,Perodicticus_potto,Slow
BMNH1951-9-15-1Perodicticus_potto,Perodicticus_potto,Slow
BMNH1955-6-25-5Perodicticus_potto,Perodicticus_potto,Slow
BMNH1977-876Perodicticus_potto,Perodicticus_potto,Slow
BMNH1977-878Perodicticus_potto,Perodicticus_potto,Slow
BMNH1977-882Perodicticus_potto,Perodicticus_potto,Slow
BMNH1977-885Perodicticus_potto,Perodicticus_potto,Slow
FMNH148987Perodicticus_potto,Perodicticus_potto,Slow
MNHN1921-29Perodicticus_potto,Perodicticus_potto,Slow
MNHN1931-367Perodicticus_potto,Perodicticus_potto,Slow
MNHN1958-773Perodicticus_potto,Perodicticus_potto,Slow
MNHN2002-96Perodicticus_potto,Perodicticus_potto,Slow
MNHN2004-299Perodicticus_potto,Perodicticus_potto,Slow
NMNH184231Perodicticus_potto_ibeanus,Perodicticus_potto,Slow
NMNH184232Perodicticus_potto_ibeanus,Perodicticus_potto,Slow
NMNH481737Perodicticus_potto_potto,Perodicticus_potto,Slow
NMNH481738Perodicticus_potto_potto,Perodicticus_potto,Slow
NMNH481740Perodicticus_potto_potto,Perodicticus_potto,Slow
BMNH1845-10-2-1Pongo_pygmaeus,Pongo_pygmaeus,Susp
BMNH1868-4-16-2Pongo_pygmaeus,Pongo_pygmaeus,Susp
BMNH1880-4-10-2Pongo_pygmaeus,Pongo_pygmaeus,Susp
BMNH1948-10-25-1Pongo_pygmaeus,Pongo_pygmaeus,Susp
BMNH1948-7-6-1Pongo_pygmaeus,Pongo_pygmaeus,Susp
BMNH1948-9-9-2Pongo_pygmaeus,Pongo_pygmaeus,Susp
BMNH1973-1570Pongo_pygmaeus_pygmaeus,Pongo_pygmaeus,Susp
BMNH1976-438Pongo_pygmaeus,Pongo_pygmaeus,Susp
BMNH1986-1097Pongo_pygmaeus,Pongo_pygmaeus,Susp
BMNH1986-1103Pongo_pygmaeus,Pongo_pygmaeus,Susp
BMNH1986-1114Pongo_pygmaeus,Pongo_pygmaeus,Susp
BMNH1986-1120Pongo_pygmaeus,Pongo_pygmaeus,Susp
BMNH2003-362Pongo_pygmaeus,Pongo_pygmaeus,Susp
NMNH143593Pongo_pygmaeus_abelii,Pongo_abelii,Susp
NMNH145301Pongo_pygmaeus_pygmaeus,Pongo_pygmaeus,Susp
NMNH153823Pongo_pygmaeus,Pongo_pygmaeus,Susp
BMNH1930-3-1-6Colobus_badius_tephrosceles,Procolobus_badius,AQ/Leap
BMNH1930-8-1-2Colobus_badius_tephrosceles,Procolobus_badius,AQ/Leap
BMNH1940-108Colobus_badius_preussi,Procolobus_badius,AQ/Leap
BMNH1968-7-25-1Colobus_badius_tephrosceles,Procolobus_badius,AQ/Leap
BMNH72-132Colobus_badius_kirkii,Procolobus_badius,AQ/Leap
BMNH72-133Colobus_badius_tephrosceles,Procolobus_badius,AQ/Leap
BMNH74-4-20-1Colobus_badius_kirkii,Procolobus_badius,AQ/Leap
BMNH82-209Colobus_badius_temminckii,Procolobus_badius,AQ/Leap
AMNH31255Propithecus_verreauxi,Propithecus_verreauxi,VCL
AMNH170474Propithecus_verreauxi_verreauxi,Propithecus_verreauxi,VCL
AMNH170491Propithecus_verreauxi_verreauxi,Propithecus_verreauxi,VCL
AMNH257141Propithecus_verreauxi_majori,Propithecus_verreauxi,VCL
BMOC001Propithecus_verreauxi,Propithecus_verreauxi,VCL
BMOC008Propithecus_verreauxi,Propithecus_verreauxi,VCL
BMOC011Propithecus_verreauxi,Propithecus_verreauxi,VCL
BMOC015Propithecus_verreauxi,Propithecus_verreauxi,VCL
BMOC019Propithecus_verreauxi,Propithecus_verreauxi,VCL
BMOC020Propithecus_verreauxi,Propithecus_verreauxi,VCL
BMOC028Propithecus_verreauxi,Propithecus_verreauxi,VCL
BMOC073Propithecus_verreauxi,Propithecus_verreauxi,VCL
BMOC075Propithecus_verreauxi,Propithecus_verreauxi,VCL
BMOC112Propithecus_verreauxi,Propithecus_verreauxi,VCL
BMOC137Propithecus_verreauxi,Propithecus_verreauxi,VCL
BMOC142Propithecus_verreauxi,Propithecus_verreauxi,VCL
BMOC157Propithecus_verreauxi,Propithecus_verreauxi,VCL
BMOC163Propithecus_verreauxi,Propithecus_verreauxi,VCL
BMOC172Propithecus_verreauxi,Propithecus_verreauxi,VCL
BMOC174Propithecus_verreauxi,Propithecus_verreauxi,VCL
BMOC197Propithecus_verreauxi,Propithecus_verreauxi,VCL
FMNH89204Propithecus_verreauxi_verreauxi,Propithecus_verreauxi,VCL
MNHN1922-434Propithecus_verreauxi,Propithecus_verreauxi,VCL
MNHN1932-474aPropithecus_verreauxi,Propithecus_verreauxi,VCL
MNHN1932-474bPropithecus_verreauxi,Propithecus_verreauxi,VCL
MNHN1932-486aPropithecus_verreauxi,Propithecus_verreauxi,VCL
MNHN1932-486bPropithecus_verreauxi,Propithecus_verreauxi,VCL
MNHN1939-330Propithecus_verreauxi,Propithecus_verreauxi,VCL
AMNH188080Saimiri_sciureus_sciureus,Saimiri_sciureus,AQ
AMNH188091Saimiri_sciureus_sciureus,Saimiri_sciureus,AQ
AMNH209928Saimiri_boliviensis_boliviensis,Saimiri_boliviensis,AQ
AMNH209929Saimiri_boliviensis_boliviensis,Saimiri_boliviensis,AQ
AMNH211591Saimiri_boliviensis_boliviensis,Saimiri_boliviensis,AQ
AMNH211594Saimiri_boliviensis_boliviensis,Saimiri_boliviensis,AQ
AMNH211596Saimiri_boliviensis_boliviensis,Saimiri_boliviensis,AQ
AMNH211601Saimiri_boliviensis_boliviensis,Saimiri_boliviensis,AQ
AMNH211607Saimiri_boliviensis_boliviensis,Saimiri_boliviensis,AQ
AMNH211613Saimiri_boliviensis_boliviensis,Saimiri_boliviensis,AQ
AMNH211615Saimiri_boliviensis_boliviensis,Saimiri_boliviensis,AQ
AMNH211623Saimiri_boliviensis_boliviensis,Saimiri_boliviensis,AQ
AMNH211624Saimiri_boliviensis_boliviensis,Saimiri_boliviensis,AQ
AMNH211631Saimiri_boliviensis_boliviensis,Saimiri_boliviensis,AQ
AMNH211637Saimiri_boliviensis_boliviensis,Saimiri_boliviensis,AQ
AMNH211639Saimiri_boliviensis_boliviensis,Saimiri_boliviensis,AQ
AMNH211651Saimiri_boliviensis_boliviensis,Saimiri_boliviensis,AQ
AMNH211653Saimiri_boliviensis_boliviensis,Saimiri_boliviensis,AQ
AMNH106583Symphalangus_syndactylus,Symphalangus_syndactylus,Susp
AMNH106584Symphalangus_syndactylus,Symphalangus_syndactylus,Susp
FMNH60340Symphalangus_syndactylus,Symphalangus_syndactylus,Susp
NMNH49746Symphalangus_syndactylus,Symphalangus_syndactylus,Susp
NMNH49747Symphalangus_syndactylus,Symphalangus_syndactylus,Susp
NMNH49748Symphalangus_syndactylus,Symphalangus_syndactylus,Susp
NMNH49877Symphalangus_syndactylus,Symphalangus_syndactylus,Susp
NMNH271048Symphalangus_syndactylus,Symphalangus_syndactylus,Susp
NMNH519573Symphalangus_syndactylus,Symphalangus_syndactylus,Susp
FMNH47767Theropithecus_gelada,Theropithecus_gelada,TQ
MNHN1904-161Theropithecus_gelada,Theropithecus_gelada,TQ
MNHN1971-10Theropithecus_gelada,Theropithecus_gelada,TQ
NMNH240885Theropithecus_gelada,Theropithecus_gelada,TQ
NMNH319992Theropithecus_gelada,Theropithecus_gelada,TQ
NMNH354990Theropithecus_gelada,Theropithecus_gelada,TQ
AMNH100512Varecia_variegata_variegata,Varecia_variegata,AQ
FMNH104939Varecia_variegata,Varecia_variegata,AQ
FMNH134468Varecia_variegata,Varecia_variegata,AQ
MNHN1871-392Varecia_variegata,Varecia_variegata,AQ
MNHN1871-393Varecia_variegata,Varecia_variegata,AQ
MNHN1885-6Varecia_variegata,Varecia_variegata,AQ
MNHN1896-286Varecia_variegata,Varecia_variegata,AQ
MNHN1898-195Varecia_variegata,Varecia_variegata,AQ
MNHN1900-31Varecia_variegata,Varecia_variegata,AQ
MNHN1901-520Varecia_variegata,Varecia_variegata,AQ
MNHN1934-596Varecia_variegata,Varecia_variegata,AQ
MNHN1948-13Varecia_variegata,Varecia_variegata,AQ
MNHNA3918Varecia_variegata,Varecia_variegata,AQ
MNHNA3921Varecia_variegata,Varecia_variegata,AQ
