,museum,ID,infraorder,genus,species,subspecies,sex,side,rear,locomotion,taxon
AMNH211495Alouatta,AMNH,211495,Platyrrhini,Alouatta,caraya,NA,F,R,W,AQ/Susp,Alouatta_caraya
AMNH211496Alouatta,AMNH,211496,Platyrrhini,Alouatta,caraya,NA,M,R,W,AQ/Susp,Alouatta_caraya
AMNH211498Alouatta,AMNH,211498,Platyrrhini,Alouatta,caraya,NA,M,R,W,AQ/Susp,Alouatta_caraya
AMNH211501Alouatta,AMNH,211501,Platyrrhini,Alouatta,caraya,NA,F,R,W,AQ/Susp,Alouatta_caraya
AMNH211502Alouatta,AMNH,211502,Platyrrhini,Alouatta,caraya,NA,F,L,W,AQ/Susp,Alouatta_caraya
AMNH211507Alouatta,AMNH,211507,Platyrrhini,Alouatta,caraya,NA,F,L,W,AQ/Susp,Alouatta_caraya
AMNH211512Alouatta,AMNH,211512,Platyrrhini,Alouatta,caraya,NA,F,R,W,AQ/Susp,Alouatta_caraya
AMNH211513Alouatta,AMNH,211513,Platyrrhini,Alouatta,caraya,NA,M,R,W,AQ/Susp,Alouatta_caraya
AMNH211517Alouatta,AMNH,211517,Platyrrhini,Alouatta,caraya,NA,M,R,W,AQ/Susp,Alouatta_caraya
AMNH211520Alouatta,AMNH,211520,Platyrrhini,Alouatta,caraya,NA,F,R,W,AQ/Susp,Alouatta_caraya
AMNH211521Alouatta,AMNH,211521,Platyrrhini,Alouatta,caraya,NA,M,R,W,AQ/Susp,Alouatta_caraya
AMNH211522Alouatta,AMNH,211522,Platyrrhini,Alouatta,caraya,NA,F,R,W,AQ/Susp,Alouatta_caraya
AMNH211523Alouatta,AMNH,211523,Platyrrhini,Alouatta,caraya,NA,M,R,W,AQ/Susp,Alouatta_caraya
AMNH211524Alouatta,AMNH,211524,Platyrrhini,Alouatta,caraya,NA,F,L,W,AQ/Susp,Alouatta_caraya
AMNH211525Alouatta,AMNH,211525,Platyrrhini,Alouatta,caraya,NA,M,R,W,AQ/Susp,Alouatta_caraya
AMNH211526Alouatta,AMNH,211526,Platyrrhini,Alouatta,caraya,NA,M,R,W,AQ/Susp,Alouatta_caraya
AMNH211585Alouatta,AMNH,211585,Platyrrhini,Alouatta,caraya,NA,F,L,W,AQ/Susp,Alouatta_caraya
AMNH215060Alouatta,AMNH,215060,Platyrrhini,Alouatta,caraya,NA,F,R,W,AQ/Susp,Alouatta_caraya
AMNH215061Alouatta,AMNH,215061,Platyrrhini,Alouatta,caraya,NA,M,R,W,AQ/Susp,Alouatta_caraya
AMNH30192Ateles_belzebuth,AMNH,30192,Platyrrhini,Ateles,belzebuth,belzebuth,M,L,W,Suspensory,Ateles_belzebuth
AMNH188126Ateles_belzebuth,AMNH,188126,Platyrrhini,Ateles,belzebuth,NA,F,R,W,Suspensory,Ateles_belzebuth
AMNH188140Ateles_fusciceps,AMNH,188140,Platyrrhini,Ateles,fusciceps,NA,M,L,W,Suspensory,Ateles_fusciceps
FMNH41584Ateles_geoffroyi,FMNH,41584,Platyrrhini,Ateles,geoffroyi,vellerosus,M,L,W,Suspensory,Ateles_geoffroyi
FMNH68811Ateles_fusciceps,FMNH,68811,Platyrrhini,Ateles,fusciceps,robustus,M,L,W,Suspensory,Ateles_fusciceps
FMNH68822Ateles_fusciceps,FMNH,68822,Platyrrhini,Ateles,fusciceps,robustus,M,R,W,Suspensory,Ateles_fusciceps
FMNH68823Ateles_fusciceps,FMNH,68823,Platyrrhini,Ateles,fusciceps,robustus,M,R,W,Suspensory,Ateles_fusciceps
FMNH93102Ateles_fusciceps,FMNH,93102,Platyrrhini,Ateles,fusciceps,robustus,M,R,W,Suspensory,Ateles_fusciceps
FMNH93244Ateles_paniscus,FMNH,93244,Platyrrhini,Ateles,paniscus,paniscus,F,R,W,Suspensory,Ateles_paniscus
FMNH95498Ateles_paniscus,FMNH,95498,Platyrrhini,Ateles,paniscus,paniscus,F,R,W,Suspensory,Ateles_paniscus
FMNH68810-aAteles_fusciceps,FMNH,68810-a,Platyrrhini,Ateles,fusciceps,robustus,M,R,W,Suspensory,Ateles_fusciceps
FMNH68810-bAteles_fusciceps,FMNH,68810-b,Platyrrhini,Ateles,fusciceps,robustus,M,R,W,Suspensory,Ateles_fusciceps
NMNH276631Ateles_geoffroyi,NMNH,276631,Platyrrhini,Ateles,geoffroyi,vellerosus,F,R,Z,Suspensory,Ateles_geoffroyi
NMNH338111Ateles_fusciceps,NMNH,338111,Platyrrhini,Ateles,fusciceps,robustus,F,R,W,Suspensory,Ateles_fusciceps
NMNH338112Ateles_fusciceps,NMNH,338112,Platyrrhini,Ateles,fusciceps,robustus,M,R,W,Suspensory,Ateles_fusciceps
NMNH338113Ateles_fusciceps,NMNH,338113,Platyrrhini,Ateles,fusciceps,robustus,F,R,W,Suspensory,Ateles_fusciceps
NMNH338114Ateles_fusciceps,NMNH,338114,Platyrrhini,Ateles,fusciceps,robustus,F,R,W,Suspensory,Ateles_fusciceps
NMNH338115Ateles_fusciceps,NMNH,338115,Platyrrhini,Ateles,fusciceps,robustus,M,R,W,Suspensory,Ateles_fusciceps
NMNH338116Ateles_fusciceps,NMNH,338116,Platyrrhini,Ateles,fusciceps,robustus,F,R,W,Suspensory,Ateles_fusciceps
FMNH60799Cebuella_pygmaea,FMNH,60799,Platyrrhini,Cebuella,pygmaea,NA,F,R,Z,AQ/Leap,Cebuella_pygmaea
FMNH124560Cebuella_pygmaea,FMNH,124560,Platyrrhini,Cebuella,pygmaea,NA,M,R,Z,AQ/Leap,Cebuella_pygmaea
FMNH124561Cebuella_pygmaea,FMNH,124561,Platyrrhini,Cebuella,pygmaea,NA,F,R,Z,AQ/Leap,Cebuella_pygmaea
FMNH127379Cebuella_pygmaea,FMNH,127379,Platyrrhini,Cebuella,pygmaea,NA,M,R,Z,AQ/Leap,Cebuella_pygmaea
FMNH137074Cebuella_pygmaea,FMNH,137074,Platyrrhini,Cebuella,pygmaea,NA,F,R,Z,AQ/Leap,Cebuella_pygmaea
FMNH140356Cebuella_pygmaea,FMNH,140356,Platyrrhini,Cebuella,pygmaea,NA,M,L,Z,AQ/Leap,Cebuella_pygmaea
NMNH337319Cebuella_pygmaea,NMNH,337319,Platyrrhini,Cebuella,pygmaea,NA,M,R,W,AQ/Leap,Cebuella_pygmaea
NMNH337322Cebuella_pygmaea,NMNH,337322,Platyrrhini,Cebuella,pygmaea,NA,M,R,W,AQ/Leap,Cebuella_pygmaea
NMNH337323Cebuella_pygmaea,NMNH,337323,Platyrrhini,Cebuella,pygmaea,NA,M,R,W,AQ/Leap,Cebuella_pygmaea
NMNH337324Cebuella_pygmaea,NMNH,337324,Platyrrhini,Cebuella,pygmaea,NA,M,R,W,AQ/Leap,Cebuella_pygmaea
NMNH337329Cebuella_pygmaea,NMNH,337329,Platyrrhini,Cebuella,pygmaea,NA,F,R,W,AQ/Leap,Cebuella_pygmaea
NMNH337330Cebuella_pygmaea,NMNH,337330,Platyrrhini,Cebuella,pygmaea,NA,F,R,W,AQ/Leap,Cebuella_pygmaea
AMNH133606Cebus_apella,AMNH,133606,Platyrrhini,Cebus,apella,paraguayanus,M,R,W,AQ,Cebus_apella
AMNH133628Cebus_apella,AMNH,133628,Platyrrhini,Cebus,apella,paraguayanus,M,R,W,AQ,Cebus_apella
AMNH133637Cebus_apella,AMNH,133637,Platyrrhini,Cebus,apella,paraguayanus,M,R,W,AQ,Cebus_apella
AMNH133656Cebus_apella,AMNH,133656,Platyrrhini,Cebus,apella,paraguayanus,M,R,W,AQ,Cebus_apella
AMNH133662Cebus_apella,AMNH,133662,Platyrrhini,Cebus,apella,paraguayanus,M,R,W,AQ,Cebus_apella
AMNH133665Cebus_apella,AMNH,133665,Platyrrhini,Cebus,apella,paraguayanus,M,R,W,AQ,Cebus_apella
AMNH133674Cebus_apella,AMNH,133674,Platyrrhini,Cebus,apella,paraguayanus,F,R,W,AQ,Cebus_apella
AMNH133815Cebus_apella,AMNH,133815,Platyrrhini,Cebus,apella,paraguayanus,M,R,W,AQ,Cebus_apella
AMNH133851Cebus_apella,AMNH,133851,Platyrrhini,Cebus,apella,paraguayanus,M,R,W,AQ,Cebus_apella
AMNH188015Cebus_albifrons,AMNH,188015,Platyrrhini,Cebus,albifrons,NA,F,R,W,AQ,Cebus_albifrons
AMNH188016Cebus_albifrons,AMNH,188016,Platyrrhini,Cebus,albifrons,NA,M,R,W,AQ,Cebus_albifrons
AMNH188030Cebus_apella,AMNH,188030,Platyrrhini,Cebus,apella,NA,F,R,W,AQ,Cebus_apella
AMNH188033Cebus_apella,AMNH,188033,Platyrrhini,Cebus,apella,NA,F,R,W,AQ,Cebus_apella
AMNH188035Cebus_apella,AMNH,188035,Platyrrhini,Cebus,apella,NA,M,R,W,AQ,Cebus_apella
AMNH188036Cebus_apella,AMNH,188036,Platyrrhini,Cebus,apella,NA,M,L,W,AQ,Cebus_apella
AMNH188037Cebus_apella,AMNH,188037,Platyrrhini,Cebus,apella,NA,F,L,W,AQ,Cebus_apella
AMNH188038Cebus_apella,AMNH,188038,Platyrrhini,Cebus,apella,NA,F,R,W,AQ,Cebus_apella
AMNH188041Cebus_apella,AMNH,188041,Platyrrhini,Cebus,apella,NA,F,R,W,AQ,Cebus_apella
AMNH188046Cebus_apella,AMNH,188046,Platyrrhini,Cebus,apella,NA,F,R,W,AQ,Cebus_apella
AMNH188047Cebus_apella,AMNH,188047,Platyrrhini,Cebus,apella,NA,M,R,W,AQ,Cebus_apella
AMNH188051Cebus_apella,AMNH,188051,Platyrrhini,Cebus,apella,NA,M,L,W,AQ,Cebus_apella
AMNH209926Cebus_albifrons,AMNH,209926,Platyrrhini,Cebus,albifrons,NA,F,R,W,AQ,Cebus_albifrons
AMNH209927Cebus_apella,AMNH,209927,Platyrrhini,Cebus,apella,NA,F,R,W,AQ,Cebus_apella
AMNH211559Cebus_albifrons,AMNH,211559,Platyrrhini,Cebus,albifrons,NA,M,R,W,AQ,Cebus_albifrons
AMNH211562Cebus_albifrons,AMNH,211562,Platyrrhini,Cebus,albifrons,NA,M,R,W,AQ,Cebus_albifrons
AMNH211566Cebus_albifrons,AMNH,211566,Platyrrhini,Cebus,albifrons,NA,F,R,W,AQ,Cebus_albifrons
AMNH211567Cebus_albifrons,AMNH,211567,Platyrrhini,Cebus,albifrons,NA,M,L,W,AQ,Cebus_albifrons
AMNH211569Cebus_albifrons,AMNH,211569,Platyrrhini,Cebus,albifrons,NA,M,L,W,AQ,Cebus_albifrons
AMNH211570Cebus_albifrons,AMNH,211570,Platyrrhini,Cebus,albifrons,NA,F,R,W,AQ,Cebus_albifrons
AMNH211574Cebus_albifrons,AMNH,211574,Platyrrhini,Cebus,albifrons,NA,F,L,W,AQ,Cebus_albifrons
AMNH211578Cebus_apella,AMNH,211578,Platyrrhini,Cebus,apella,NA,M,R,W,AQ,Cebus_apella
AMNH211579Cebus_apella,AMNH,211579,Platyrrhini,Cebus,apella,NA,M,R,W,AQ,Cebus_apella
AMNH211582Cebus_albifrons,AMNH,211582,Platyrrhini,Cebus,albifrons,NA,F,R,W,AQ,Cebus_albifrons
AMNH211587Cebus_albifrons,AMNH,211587,Platyrrhini,Cebus,albifrons,NA,M,L,W,AQ,Cebus_albifrons
AMNH211589Cebus_albifrons,AMNH,211589,Platyrrhini,Cebus,albifrons,NA,F,L,W,AQ,Cebus_albifrons
AMNH211590Cebus_albifrons,AMNH,211590,Platyrrhini,Cebus,albifrons,NA,M,L,W,AQ,Cebus_albifrons
BMNH1859-2-8-2Cercocebus_torquatus,BMNH,1859-2-8-2,Catarrhini,Cercocebus,torquatus,NA,F,R,U,AQ/TQ,Cercocebus_torquatus
BMNH1938-7-7-2Cercocebus_torquatus,BMNH,1938-7-7-2,Catarrhini,Cercocebus,torquatus,NA,M,R,W,AQ/TQ,Cercocebus_torquatus
BMNH1938-7-7-5Cercocebus_torquatus,BMNH,1938-7-7-5,Catarrhini,Cercocebus,torquatus,NA,F,R,W,AQ/TQ,Cercocebus_torquatus
BMNH1948-450Cercocebus_torquatus_torquatus,BMNH,1948-450,Catarrhini,Cercocebus,torquatus,torquatus,M,R,W,AQ/TQ,Cercocebus_torquatus
FMNH73808Cercocebus_torquatus_torquatus,FMNH,73808,Catarrhini,Cercocebus,torquatus,torquatus,F,R,W,AQ/TQ,Cercocebus_torquatus
FMNH73809Cercocebus_torquatus_torquatus,FMNH,73809,Catarrhini,Cercocebus,torquatus,torquatus,F,R,W,AQ/TQ,Cercocebus_torquatus
MNHN1899-107Cercocebus_torquatus,MNHN,1899-107,Catarrhini,Cercocebus,torquatus,NA,M,R,Z,AQ/TQ,Cercocebus_torquatus
MNHN1966-311Cercocebus_torquatus,MNHN,1966-311,Catarrhini,Cercocebus,torquatus,NA,M,L,W/Z,AQ/TQ,Cercocebus_torquatus
MNHN1978-109Cercocebus_torquatus,MNHN,1978-109,Catarrhini,Cercocebus,torquatus,NA,F,R,Z,AQ/TQ,Cercocebus_torquatus
MNHN1995-1545Cercocebus_torquatus,MNHN,1995-1545,Catarrhini,Cercocebus,torquatus,NA,M,R,U,AQ/TQ,Cercocebus_torquatus
BMNH2005-196Cercopithecus_mitis,BMNH,2005-196,Catarrhini,Cercopithecus,mitis,NA,U,L,W,AQ,Cercopithecus_mitis
BMNH72-52Cercopithecus_mitis_kibonotensis,BMNH,72-52,Catarrhini,Cercopithecus,mitis,kibonotensis,M,L,W,AQ,Cercopithecus_mitis
BMNH72-53Cercopithecus_mitis_kibonotensis,BMNH,72-53,Catarrhini,Cercopithecus,mitis,kibonotensis,M,R,W,AQ,Cercopithecus_mitis
BMNH72-54Cercopithecus_mitis_kibonotensis,BMNH,72-54,Catarrhini,Cercopithecus,mitis,kibonotensis,F,R,W,AQ,Cercopithecus_mitis
BMNH72-58Cercopithecus_mitis_kolbi,BMNH,72-58,Catarrhini,Cercopithecus,mitis,kolbi,F,R,W,AQ,Cercopithecus_mitis
BMNH72-59Cercopithecus_mitis_kolbi,BMNH,72-59,Catarrhini,Cercopithecus,mitis,kolbi,M,R,W,AQ,Cercopithecus_mitis
BMNH72-60Cercopithecus_mitis_kolbi,BMNH,72-60,Catarrhini,Cercopithecus,mitis,kolbi,M,R,W,AQ,Cercopithecus_mitis
BMNH72-63Cercopithecus_mitis_kolbi,BMNH,72-63,Catarrhini,Cercopithecus,mitis,kolbi,F,R,W,AQ,Cercopithecus_mitis
BMNH72-65Cercopithecus_mitis_kolbi,BMNH,72-65,Catarrhini,Cercopithecus,mitis,kolbi,M,R,W,AQ,Cercopithecus_mitis
BMNH72-66Cercopithecus_mitis_kolbi,BMNH,72-66,Catarrhini,Cercopithecus,mitis,kolbi,F,R,W,AQ,Cercopithecus_mitis
BMNH72-76Cercopithecus_mitis_stuhlmanni,BMNH,72-76,Catarrhini,Cercopithecus,mitis,stuhlmanni,M,R,W,AQ,Cercopithecus_mitis
BMNH72-78Cercopithecus_mitis_stuhlmanni,BMNH,72-78,Catarrhini,Cercopithecus,mitis,stuhlmanni,F,L,W,AQ,Cercopithecus_mitis
BMNH72-80Cercopithecus_mitis_stuhlmanni,BMNH,72-80,Catarrhini,Cercopithecus,mitis,stuhlmanni,F,R,W,AQ,Cercopithecus_mitis
BMNH72-82Cercopithecus_mitis_stuhlmanni,BMNH,72-82,Catarrhini,Cercopithecus,mitis,stuhlmanni,M,R,W,AQ,Cercopithecus_mitis
BMNH72-83Cercopithecus_mitis_stuhlmanni,BMNH,72-83,Catarrhini,Cercopithecus,mitis,stuhlmanni,F,R,W,AQ,Cercopithecus_mitis
BMNH72-85Cercopithecus_mitis_stuhlmanni,BMNH,72-85,Catarrhini,Cercopithecus,mitis,stuhlmanni,F,R,W,AQ,Cercopithecus_mitis
BMNH72-87Cercopithecus_mitis_stuhlmanni,BMNH,72-87,Catarrhini,Cercopithecus,mitis,stuhlmanni,F,R,W,AQ,Cercopithecus_mitis
BMNH72-90Cercopithecus_mitis,BMNH,72-90,Catarrhini,Cercopithecus,mitis,NA,M,R,W,AQ,Cercopithecus_mitis
NMNH452556Cercopithecus_mitis_kolbi,NMNH,452556,Catarrhini,Cercopithecus,mitis,kolbi,F,L,W,AQ,Cercopithecus_mitis
NMNH452574Cercopithecus_mitis_kolbi,NMNH,452574,Catarrhini,Cercopithecus,mitis,kolbi,M,L,W,AQ,Cercopithecus_mitis
NMNH452578Cercopithecus_mitis_kolbi,NMNH,452578,Catarrhini,Cercopithecus,mitis,kolbi,F,R,W,AQ,Cercopithecus_mitis
NMNH452581Cercopithecus_mitis_kolbi?,NMNH,452581,Catarrhini,Cercopithecus,mitis,kolbi?,F,R,W,AQ,Cercopithecus_mitis
NMNH452588Cercopithecus_mitis_kolbi,NMNH,452588,Catarrhini,Cercopithecus,mitis,kolbi,F,R,W,AQ,Cercopithecus_mitis
NMNH470262Cercopithecus_mitis,NMNH,470262,Catarrhini,Cercopithecus,mitis,NA,M,R,W,AQ,Cercopithecus_mitis
BMNH1977-3149Chlorocebus_aethiops,BMNH,1977-3149,Catarrhini,Chlorocebus,aethiops,NA,F,R,W,AQ/TQ,Chlorocebus_aethiops
BMNH72-23Chlorocebus_aethiops_arenarius,BMNH,72-23,Catarrhini,Chlorocebus,aethiops,arenarius,F,R,W,AQ/TQ,Chlorocebus_aethiops
BMNH72-27Chlorocebus_aethiops_pygerythrus,BMNH,72-27,Catarrhini,Chlorocebus,aethiops,pygerythrus,F,R,W,AQ/TQ,Chlorocebus_aethiops
BMNH72-29Chlorocebus_aethiops_pygerythrus,BMNH,72-29,Catarrhini,Chlorocebus,aethiops,pygerythrus,M,L,W,AQ/TQ,Chlorocebus_aethiops
BMNH72-30Chlorocebus_aethiops_pygerythrus,BMNH,72-30,Catarrhini,Chlorocebus,aethiops,pygerythrus,F,R,W,AQ/TQ,Chlorocebus_aethiops
BMNH72-36Chlorocebus_aethiops,BMNH,72-36,Catarrhini,Chlorocebus,aethiops,NA,F,L,W,AQ/TQ,Chlorocebus_aethiops
MNHN1894-530Chlorocebus_aethiops_cynosuros,MNHN,1894-530,Catarrhini,Chlorocebus,aethiops,cynosuros,M,R,Z,AQ/TQ,Chlorocebus_aethiops
MNHN1898-308Chlorocebus_aethiops_sabaeus,MNHN,1898-308,Catarrhini,Chlorocebus,aethiops,sabaeus,M,L,Z,AQ/TQ,Chlorocebus_aethiops
MNHN1900-139Chlorocebus_aethiops_sabaeus,MNHN,1900-139,Catarrhini,Chlorocebus,aethiops,sabaeus,M,L,W,AQ/TQ,Chlorocebus_aethiops
MNHN1910-22Chlorocebus_aethiops_sabaeus,MNHN,1910-22,Catarrhini,Chlorocebus,aethiops,sabaeus,U,R,Z,AQ/TQ,Chlorocebus_aethiops
MNHN1911-377Chlorocebus_aethiops_sabaeus,MNHN,1911-377,Catarrhini,Chlorocebus,aethiops,sabaeus,M,R,Z,AQ/TQ,Chlorocebus_aethiops
MNHN1912-157Chlorocebus_aethiops_sabaeus,MNHN,1912-157,Catarrhini,Chlorocebus,aethiops,sabaeus,M,R,Z,AQ/TQ,Chlorocebus_aethiops
MNHN1923-2483Chlorocebus_aethiops_sabaeus,MNHN,1923-2483,Catarrhini,Chlorocebus,aethiops,sabaeus,M,R,Z,AQ/TQ,Chlorocebus_aethiops
MNHNA3872Chlorocebus_aethiops_sabaeus,MNHN,A3872,Catarrhini,Chlorocebus,aethiops,sabaeus,F,L,W,AQ/TQ,Chlorocebus_aethiops
NMNH252701Chlorocebus_aethiops_aethiops,NMNH,252701,Catarrhini,Chlorocebus,aethiops,aethiops,M,R,W,AQ/TQ,Chlorocebus_aethiops
NMNH399281Chlorocebus_aethiops_hilgerti,NMNH,399281,Catarrhini,Chlorocebus,aethiops,hilgerti,F,R,W,AQ/TQ,Chlorocebus_aethiops
NMNH452591Chlorocebus_aethiops,NMNH,452591,Catarrhini,Chlorocebus,aethiops,NA,M,R,W,AQ/TQ,Chlorocebus_aethiops
NMNH452593Chlorocebus_aethiops_centralis,NMNH,452593,Catarrhini,Chlorocebus,aethiops,centralis,F,R,W,AQ/TQ,Chlorocebus_aethiops
NMNH452596Chlorocebus_aethiops_pygerythrus,NMNH,452596,Catarrhini,Chlorocebus,aethiops,pygerythrus,M,R,W,AQ/TQ,Chlorocebus_aethiops
NMNH452601Chlorocebus_aethiops_pygerythrus,NMNH,452601,Catarrhini,Chlorocebus,aethiops,pygerythrus,F,R,W,AQ/TQ,Chlorocebus_aethiops
AMNH27711Colobus_guereza_kikuyuensis,AMNH,27711,Catarrhini,Colobus,guereza,kikuyuensis,M,R,W,AQ/Leap,Colobus_guereza
AMNH52206Colobus_guereza_occidentalis,AMNH,52206,Catarrhini,Colobus,guereza,occidentalis,M,R,W,AQ/Leap,Colobus_guereza
AMNH52223Colobus_guereza_occidentalis,AMNH,52223,Catarrhini,Colobus,guereza,occidentalis,F,R,W,AQ/Leap,Colobus_guereza
AMNH52229Colobus_guereza_occidentalis,AMNH,52229,Catarrhini,Colobus,guereza,occidentalis,M,R,W,AQ/Leap,Colobus_guereza
AMNH52240Colobus_guereza_occidentalis,AMNH,52240,Catarrhini,Colobus,guereza,occidentalis,M,L,W,AQ/Leap,Colobus_guereza
AMNH52241Colobus_guereza_occidentalis,AMNH,52241,Catarrhini,Colobus,guereza,occidentalis,F,R,W,AQ/Leap,Colobus_guereza
AMNH99468Colobus_guereza_kikuyuensis,AMNH,99468,Catarrhini,Colobus,guereza,kikuyuensis,U,R,W,AQ/Leap,Colobus_guereza
AMNH187392Colobus_guereza_percivali,AMNH,187392,Catarrhini,Colobus,guereza,percivali,U,R,W,AQ/Leap,Colobus_guereza
BMNH72-138Colobus_guereza_matschiei,BMNH,72-138,Catarrhini,Colobus,guereza,matschiei,F,L,W,AQ/Leap,Colobus_guereza
BMNH72-139Colobus_guereza_matschiei,BMNH,72-139,Catarrhini,Colobus,guereza,matschiei,M,L,W,AQ/Leap,Colobus_guereza
BMNH72-151Colobus_guereza_uellensis,BMNH,72-151,Catarrhini,Colobus,guereza,uellensis,M,R,W,AQ/Leap,Colobus_guereza
BMNH72-152Colobus_guereza_uellensis,BMNH,72-152,Catarrhini,Colobus,guereza,uellensis,M,R,W,AQ/Leap,Colobus_guereza
BMNH72-153Colobus_guereza_uellensis,BMNH,72-153,Catarrhini,Colobus,guereza,uellensis,F,R,W,AQ/Leap,Colobus_guereza
MNHNA3842Colobus_abyssinicus,MNHN,A3842,Catarrhini,Colobus,guereza,NA,U,R,W,AQ/Leap,Colobus_guereza
MNHNA3844Colobus_abyssinicus,MNHN,A3844,Catarrhini,Colobus,guereza,NA,U,L,W,AQ/Leap,Colobus_guereza
NMNH452624Colobus_guereza_matschiei,NMNH,452624,Catarrhini,Colobus,guereza,matschiei,F,R,W,AQ/Leap,Colobus_guereza
NMNH452630Colobus_guereza_matschiei,NMNH,452630,Catarrhini,Colobus,guereza,matschiei,F,R,W,AQ/Leap,Colobus_guereza
NMNH452631Colobus_guereza_matschiei,NMNH,452631,Catarrhini,Colobus,guereza,matschiei,F,R,W,AQ/Leap,Colobus_guereza
NMNH452632Colobus_guereza_matschiei,NMNH,452632,Catarrhini,Colobus,guereza,matschiei,F,R,W,AQ/Leap,Colobus_guereza
NMNH452633Colobus_guereza_uellensis,NMNH,452633,Catarrhini,Colobus,guereza,uellensis,F,R,W,AQ/Leap,Colobus_guereza
NMNH452634Colobus_guereza_matschiei,NMNH,452634,Catarrhini,Colobus,guereza,matschiei,F,R,W,AQ/Leap,Colobus_guereza
NMNH452641Colobus_abyssinicus_abyssinicus,NMNH,452641,Catarrhini,Colobus,guereza,abyssinicus,F,R,W,AQ/Leap,Colobus_guereza
NMNH452642Colobus_guereza_matschiei,NMNH,452642,Catarrhini,Colobus,guereza,matschiei,F,R,W,AQ/Leap,Colobus_guereza
BMNH1888-2-18-2Daubentonia_madagascariensis,BMNH,1888-2-18-2,Chiromyiformes,Daubentonia,madagascariensis,NA,M,R,W,AQ,Daubentonia_madagascariensis
BMNH84-474Daubentonia_madagascariensis,BMNH,84-474,Chiromyiformes,Daubentonia,madagascariensis,NA,U,R,W,AQ,Daubentonia_madagascariensis
MNHN1883-648Daubentonia_madagascariensis,MNHN,1883-648,Chiromyiformes,Daubentonia,madagascariensis,NA,U,R,W,AQ,Daubentonia_madagascariensis
MNHN1901-647Daubentonia_madagascariensis,MNHN,1901-647,Chiromyiformes,Daubentonia,madagascariensis,NA,M,R,W,AQ,Daubentonia_madagascariensis
MNHN1911-136Daubentonia_madagascariensis,MNHN,1911-136,Chiromyiformes,Daubentonia,madagascariensis,NA,F,L,W,AQ,Daubentonia_madagascariensis
MNHN1992-4Daubentonia_madagascariensis,MNHN,1992-4,Chiromyiformes,Daubentonia,madagascariensis,NA,M,R,W,AQ,Daubentonia_madagascariensis
MNHN2002-78Daubentonia_madagascariensis,MNHN,2002-78,Chiromyiformes,Daubentonia,madagascariensis,NA,M,L,W,AQ,Daubentonia_madagascariensis
MNHN2005-257Daubentonia_madagascariensis,MNHN,2005-257,Chiromyiformes,Daubentonia,madagascariensis,NA,F,R,W,AQ,Daubentonia_madagascariensis
AMNH34709Erythrocebus_patas_pyrrhonatus,AMNH,34709,Catarrhini,Erythrocebus,patas,pyrrhonatus,F,R,W,TQ,Erythrocebus_patas
AMNH34712Erythrocebus_patas_pyrrhonatus,AMNH,34712,Catarrhini,Erythrocebus,patas,pyrrhonatus,M,R,W,TQ,Erythrocebus_patas
AMNH34714Erythrocebus_patas_pyrrhonatus,AMNH,34714,Catarrhini,Erythrocebus,patas,pyrrhonatus,M,R,W,TQ,Erythrocebus_patas
MNHN1886-270Erythrocebus_patas,MNHN,1886-270,Catarrhini,Erythrocebus,patas,NA,U,L,W,TQ,Erythrocebus_patas
MNHN1996-2165Erythrocebus_patas,MNHN,1996-2165,Catarrhini,Erythrocebus,patas,NA,M,R,U,TQ,Erythrocebus_patas
AMNH170708Eulemur_fulvus_albifrons,AMNH,170708,Lemuriformes,Eulemur,fulvus,albifrons,F,R,W,AQ,Eulemur_fulvus_albifrons
AMNH170715Eulemur_fulvus_albifrons,AMNH,170715,Lemuriformes,Eulemur,fulvus,albifrons,F,R,W,AQ,Eulemur_fulvus_albifrons
AMNH170717Eulemur_fulvus_albifrons,AMNH,170717,Lemuriformes,Eulemur,fulvus,albifrons,F,R,W,AQ,Eulemur_fulvus_albifrons
AMNH170719Eulemur_fulvus_albifrons,AMNH,170719,Lemuriformes,Eulemur,fulvus,albifrons,F,L,W,AQ,Eulemur_fulvus_albifrons
AMNH170723Eulemur_fulvus_albifrons,AMNH,170723,Lemuriformes,Eulemur,fulvus,albifrons,F,R,W,AQ,Eulemur_fulvus_albifrons
AMNH170725Eulemur_fulvus_albifrons,AMNH,170725,Lemuriformes,Eulemur,fulvus,albifrons,F,R,W,AQ,Eulemur_fulvus_albifrons
AMNH170728Eulemur_fulvus_albifrons,AMNH,170728,Lemuriformes,Eulemur,fulvus,albifrons,F,L,W,AQ,Eulemur_fulvus_albifrons
AMNH170749Eulemur_fulvus_collaris,AMNH,170749,Lemuriformes,Eulemur,fulvus,collaris,F,R,W,AQ,Eulemur_fulvus_collaris
AMNH170750Eulemur_fulvus_collaris,AMNH,170750,Lemuriformes,Eulemur,fulvus,collaris,F,R,W,AQ,Eulemur_fulvus_collaris
AMNH170755Eulemur_fulvus_collaris,AMNH,170755,Lemuriformes,Eulemur,fulvus,collaris,F,R,W,AQ,Eulemur_fulvus_collaris
AMNH170759Eulemur_fulvus_collaris,AMNH,170759,Lemuriformes,Eulemur,fulvus,collaris,M,R,W,AQ,Eulemur_fulvus_collaris
AMNH170764Eulemur_fulvus_collaris,AMNH,170764,Lemuriformes,Eulemur,fulvus,collaris,F,R,W,AQ,Eulemur_fulvus_collaris
BMNH1870-5-5-7Eulemur_fulvus,BMNH,1870-5-5-7,Lemuriformes,Eulemur,fulvus,NA,U,R,W,AQ,Eulemur_fulvus_fulvus
BMNH1948-10-18-1Eulemur_fulvus,BMNH,1948-10-18-1,Lemuriformes,Eulemur,fulvus,NA,U,R,WC/ZR,AQ,Eulemur_fulvus_fulvus
BMNH1948-10-18-2Eulemur_fulvus,BMNH,1948-10-18-2,Lemuriformes,Eulemur,fulvus,NA,F,R,U,AQ,Eulemur_fulvus_fulvus
BMNH1948-5-12-7Eulemur_fulvus,BMNH,1948-5-12-7,Lemuriformes,Eulemur,fulvus,NA,U,R,WC/ZR,AQ,Eulemur_fulvus_fulvus
MNHN1906-36Eulemur_fulvus,MNHN,1906-36,Lemuriformes,Eulemur,fulvus,NA,U,L,W,AQ,Eulemur_fulvus_fulvus
MNHN1962-231Eulemur_fulvus,MNHN,1962-231,Lemuriformes,Eulemur,fulvus,NA,M,L,W,AQ,Eulemur_fulvus_fulvus
MNHN1987-251Eulemur_fulvus_albifrons,MNHN,1987-251,Lemuriformes,Eulemur,fulvus,albifrons,M,L,W,AQ,Eulemur_fulvus_albifrons
MNHN1996-2160Eulemur_fulvus_fulvus,MNHN,1996-2160,Lemuriformes,Eulemur,fulvus,fulvus,M,R,W,AQ,Eulemur_fulvus_fulvus
MNHNA3916Eulemur_fulvus,MNHN,A3916,Lemuriformes,Eulemur,fulvus,NA,U,R,W,AQ,Eulemur_fulvus_fulvus
AMNH187354Galago_senegalensis,AMNH,187354,Lorisiformes,Galago,senegalensis,NA,M,L,W,VCL,Galago_senegalensis
AMNH187355Galago_senegalensis,AMNH,187355,Lorisiformes,Galago,senegalensis,NA,F,R,W,VCL,Galago_senegalensis
AMNH187357Galago_senegalensis,AMNH,187357,Lorisiformes,Galago,senegalensis,NA,F,L,W,VCL,Galago_senegalensis
AMNH187358Galago_senegalensis,AMNH,187358,Lorisiformes,Galago,senegalensis,NA,M,L,W,VCL,Galago_senegalensis
AMNH187359Galago_senegalensis,AMNH,187359,Lorisiformes,Galago,senegalensis,NA,M,R,W,VCL,Galago_senegalensis
AMNH187361Galago_senegalensis,AMNH,187361,Lorisiformes,Galago,senegalensis,NA,M,R,W,VCL,Galago_senegalensis
AMNH187367Galago_senegalensis,AMNH,187367,Lorisiformes,Galago,senegalensis,NA,M,R,W,VCL,Galago_senegalensis
BMNH1952-7-28-1Galago_senegalensis_senegalensis,BMNH,1952-7-28-1,Lorisiformes,Galago,senegalensis,senegalensis,U,R,W,VCL,Galago_senegalensis
BMNH1952-7-28-2Galago_senegalensis_senegalensis,BMNH,1952-7-28-2,Lorisiformes,Galago,senegalensis,senegalensis,U,R,W,VCL,Galago_senegalensis
BMNH1952-7-28-3Galago_senegalensis_senegalensis,BMNH,1952-7-28-3,Lorisiformes,Galago,senegalensis,senegalensis,U,L,W,VCL,Galago_senegalensis
BMNH1952-7-2-8-4Galago_senegalensis_senegalensis,BMNH,1952-7-2-8-4,Lorisiformes,Galago,senegalensis,senegalensis,U,R,W,VCL,Galago_senegalensis
BMNH1962-27Galago_senegalensis_braccatus,BMNH,1962-27,Lorisiformes,Galago,senegalensis,braccatus,M,R,W,VCL,Galago_senegalensis
BMNH1963-5-7-1Galago_senegalensis_moholi,BMNH,1963-5-7-1,Lorisiformes,Galago,senegalensis,moholi,M,R,W,VCL,Galago_moholi
FMNH54443Galago_senegalensis,FMNH,54443,Lorisiformes,Galago,senegalensis,NA,U,R,W,VCL,Galago_senegalensis
FMNH58976Galago_senegalensis,FMNH,58976,Lorisiformes,Galago,senegalensis,NA,M,R,Z,VCL,Galago_senegalensis
FMNH127375Galago_senegalensis,FMNH,127375,Lorisiformes,Galago,senegalensis,NA,F,R,Z,VCL,Galago_senegalensis
FMNH134470Galago_senegalensis,FMNH,134470,Lorisiformes,Galago,senegalensis,NA,M,R,Z,VCL,Galago_senegalensis
FMNH135741Galago_senegalensis,FMNH,135741,Lorisiformes,Galago,senegalensis,NA,M,R,Z,VCL,Galago_senegalensis
FMNH186919Galago_senegalensis,FMNH,186919,Lorisiformes,Galago,senegalensis,NA,M,R,Z,VCL,Galago_senegalensis
FMNH186925Galago_senegalensis,FMNH,186925,Lorisiformes,Galago,senegalensis,NA,M,R,Z,VCL,Galago_senegalensis
MNHN1966-338Galago_senegalensis,MNHN,1966-338,Lorisiformes,Galago,senegalensis,NA,M,R,W,VCL,Galago_senegalensis
NMNH397875Galago_senegalensis,NMNH,397875,Lorisiformes,Galago,senegalensis,NA,F,L,Z,VCL,Galago_senegalensis
NMNH397966Galago_senegalensis,NMNH,397966,Lorisiformes,Galago,senegalensis,NA,F,L,Z,VCL,Galago_senegalensis
NMNH397967Galago_senegalensis,NMNH,397967,Lorisiformes,Galago,senegalensis,NA,M,R,Z,VCL,Galago_senegalensis
NMNH397968Galago_senegalensis,NMNH,397968,Lorisiformes,Galago,senegalensis,NA,F,L,Z,VCL,Galago_senegalensis
NMNH397969Galago_senegalensis,NMNH,397969,Lorisiformes,Galago,senegalensis,NA,F,L,Z,VCL,Galago_senegalensis
NMNH398069Galago_senegalensis,NMNH,398069,Lorisiformes,Galago,senegalensis,NA,M,R,Z,VCL,Galago_senegalensis
NMNH450748Galago_senegalensis_senegalensis,NMNH,450748,Lorisiformes,Galago,senegalensis,senegalensis,F,R,W,VCL,Galago_senegalensis
NMNH589581Galago_senegalensis,NMNH,589581,Lorisiformes,Galago,senegalensis,NA,F,L,Z,VCL,Galago_senegalensis
AMNH54090Gorilla_gorilla_beringei,AMNH,54090,Catarrhini,Gorilla,gorilla,beringei,M,R,W,TQ,Gorilla_beringei
AMNH54091Gorilla_gorilla_beringei,AMNH,54091,Catarrhini,Gorilla,gorilla,beringei,F,R,W,TQ,Gorilla_beringei
AMNH54092Gorilla_gorilla_beringei,AMNH,54092,Catarrhini,Gorilla,gorilla,beringei,F,R,W,TQ,Gorilla_beringei
AMNH54327Gorilla_gorilla_gorilla,AMNH,54327,Catarrhini,Gorilla,gorilla,gorilla,F,R,W,TQ,Gorilla_gorilla
AMNH54355Gorilla_gorilla_gorilla,AMNH,54355,Catarrhini,Gorilla,gorilla,gorilla,M,R,W,TQ,Gorilla_gorilla
AMNH54356Gorilla_gorilla_gorilla,AMNH,54356,Catarrhini,Gorilla,gorilla,gorilla,F,R,W,TQ,Gorilla_gorilla
AMNH81651Gorilla_gorilla_gorilla,AMNH,81651,Catarrhini,Gorilla,gorilla,gorilla,M,R,W,TQ,Gorilla_gorilla
AMNH81652Gorilla_gorilla_gorilla,AMNH,81652,Catarrhini,Gorilla,gorilla,gorilla,F,R,W,TQ,Gorilla_gorilla
AMNH90290Gorilla_gorilla_gorilla,AMNH,90290,Catarrhini,Gorilla,gorilla,gorilla,M,R,W,TQ,Gorilla_gorilla
AMNH167335Gorilla_gorilla_gorilla,AMNH,167335,Catarrhini,Gorilla,gorilla,gorilla,M,R,W,TQ,Gorilla_gorilla
AMNH167336Gorilla_gorilla_gorilla,AMNH,167336,Catarrhini,Gorilla,gorilla,gorilla,M,R,W,TQ,Gorilla_gorilla
AMNH167338Gorilla_gorilla_gorilla,AMNH,167338,Catarrhini,Gorilla,gorilla,gorilla,M,R,W,TQ,Gorilla_gorilla
AMNH167340Gorilla_gorilla_gorilla,AMNH,167340,Catarrhini,Gorilla,gorilla,gorilla,F,R,W,TQ,Gorilla_gorilla
AMNH201459Gorilla_gorilla_gorilla,AMNH,201459,Catarrhini,Gorilla,gorilla,gorilla,M,R,W,TQ,Gorilla_gorilla
AMNH201460Gorilla_gorilla_gorilla,AMNH,201460,Catarrhini,Gorilla,gorilla,gorilla,M,R,W,TQ,Gorilla_gorilla
AMNH239597Gorilla_gorilla,AMNH,239597,Catarrhini,Gorilla,gorilla,NA,M,R,Z,TQ,Gorilla_gorilla
CMNHHTB1756Gorilla_gorilla_gorilla,CMNH,HTB1756,Catarrhini,Gorilla,gorilla,gorilla,F,R,W,TQ,Gorilla_gorilla
CMNHHTB1798Gorilla_gorilla_gorilla,CMNH,HTB1798,Catarrhini,Gorilla,gorilla,gorilla,F,R,W,TQ,Gorilla_gorilla
CMNHHTB1806Gorilla_gorilla_gorilla,CMNH,HTB1806,Catarrhini,Gorilla,gorilla,gorilla,F,R,W,TQ,Gorilla_gorilla
CMNHHTB1846Gorilla_gorilla_gorilla,CMNH,HTB1846,Catarrhini,Gorilla,gorilla,gorilla,F,R,W,TQ,Gorilla_gorilla
AMNH170668Hapalemur_griseus_griseus,AMNH,170668,Lemuriformes,Hapalemur,griseus,griseus,F,L,W,VCL,Hapalemur_griseus
AMNH170672Hapalemur_griseus_griseus,AMNH,170672,Lemuriformes,Hapalemur,griseus,griseus,F,L,W,VCL,Hapalemur_griseus
AMNH170675Hapalemur_griseus_griseus,AMNH,170675,Lemuriformes,Hapalemur,griseus,griseus,M,R,W,VCL,Hapalemur_griseus
AMNH170680Hapalemur_griseus_griseus,AMNH,170680,Lemuriformes,Hapalemur,griseus,griseus,F,L,W,VCL,Hapalemur_griseus
AMNH170689Hapalemur_griseus_griseus,AMNH,170689,Lemuriformes,Hapalemur,griseus,griseus,F,R,W,VCL,Hapalemur_griseus
AMNH170691Hapalemur_griseus_griseus,AMNH,170691,Lemuriformes,Hapalemur,griseus,griseus,M,R,W,VCL,Hapalemur_griseus
BMNH1870-5-5-4Hapalemur_griseus,BMNH,1870-5-5-4,Lemuriformes,Hapalemur,griseus,NA,U,R,U,VCL,Hapalemur_griseus
BMNH1958-3-4-5Hapalemur_griseus,BMNH,1958-3-4-5,Lemuriformes,Hapalemur,griseus,NA,U,R,W,VCL,Hapalemur_griseus
FMNH57631Hapalemur_griseus,FMNH,57631,Lemuriformes,Hapalemur,griseus,NA,F,R,Z,VCL,Hapalemur_griseus
MNHN1940-318Hapalemur_simus,MNHN,1940-318,Lemuriformes,Hapalemur,simus,NA,M,R,Z,VCL,Hapalemur_simus
MNHN2000-377Hapalemur_griseus,MNHN,2000-377,Lemuriformes,Hapalemur,griseus,NA,U,R,U,VCL,Hapalemur_griseus
NMNH83662Hapalemur-griseus_griseus,NMNH,83662,Lemuriformes,Hapalemur,griseus,griseus,U,R,W,VCL,Hapalemur_griseus
NMNH83666Hapalemur_griseus_griseus,NMNH,83666,Lemuriformes,Hapalemur,griseus,griseus,F,R,W,VCL,Hapalemur_griseus
NMNH83667Hapalemur_griseus_griseus,NMNH,83667,Lemuriformes,Hapalemur,griseus,griseus,U,R,W,VCL,Hapalemur_griseus
NMNH83668Hapalemur_griseus_griseus,NMNH,83668,Lemuriformes,Hapalemur,griseus,griseus,U,R,W,VCL,Hapalemur_griseus
AMNH11092Hylobates_hoolock,AMNH,11092,Catarrhini,Hylobates,hoolock,NA,F,R,W,Suspensory,Hylobates_hoolock
AMNH43065Hylobates_hoolock_hoolock,AMNH,43065,Catarrhini,Hylobates,hoolock,hoolock,F,R,W,Suspensory,Hylobates_hoolock
AMNH83415Hylobates_hoolock_hoolock,AMNH,83415,Catarrhini,Hylobates,hoolock,hoolock,M,L,W,Suspensory,Hylobates_hoolock
AMNH83416Hylobates_hoolock_hoolock,AMNH,83416,Catarrhini,Hylobates,hoolock,hoolock,F,L,W,Suspensory,Hylobates_hoolock
AMNH83417Hylobates_hoolock_hoolock,AMNH,83417,Catarrhini,Hylobates,hoolock,hoolock,M,R,W,Suspensory,Hylobates_hoolock
AMNH83419Hylobates_hoolock_hoolock,AMNH,83419,Catarrhini,Hylobates,hoolock,hoolock,F,R,W,Suspensory,Hylobates_hoolock
AMNH83420Hylobates_hoolock_hoolock,AMNH,83420,Catarrhini,Hylobates,hoolock,hoolock,M,R,W,Suspensory,Hylobates_hoolock
AMNH83423Hylobates_hoolock,AMNH,83423,Catarrhini,Hylobates,hoolock,NA,M,L,W,Suspensory,Hylobates_hoolock
AMNH83425Hylobates_hoolock_hoolock,AMNH,83425,Catarrhini,Hylobates,hoolock,hoolock,F,R,W,Suspensory,Hylobates_hoolock
AMNH83426Hylobates_hoolock_hoolock,AMNH,83426,Catarrhini,Hylobates,hoolock,hoolock,M,R,W,Suspensory,Hylobates_hoolock
AMNH112720Hylobates_hoolock_hoolock,AMNH,112720,Catarrhini,Hylobates,hoolock,hoolock,M,R,W,Suspensory,Hylobates_hoolock
MCZ35943Hylobates_lar_lar,MCZ,35943,Catarrhini,Hylobates,lar,lar,F,R,W,Suspensory,Hylobates_lar
MCZ35945Hylobates_lar_lar,MCZ,35945,Catarrhini,Hylobates,lar,lar,F,R,W,Suspensory,Hylobates_lar
MCZ35946Hylobates_lar_lar,MCZ,35946,Catarrhini,Hylobates,lar,lar,M,R,W,Suspensory,Hylobates_lar
MCZ35949Hylobates_lar_lar,MCZ,35949,Catarrhini,Hylobates,lar,lar,F,R,W,Suspensory,Hylobates_lar
MCZ35950Hylobates_lar_lar,MCZ,35950,Catarrhini,Hylobates,lar,lar,F,L,W,Suspensory,Hylobates_lar
MCZ41412Hylobates_lar_lar,MCZ,41412,Catarrhini,Hylobates,lar,lar,F,R,W,Suspensory,Hylobates_lar
MCZ41415Hylobates_lar_lar,MCZ,41415,Catarrhini,Hylobates,lar,lar,M,R,W,Suspensory,Hylobates_lar
MCZ41416Hylobates_lar_lar,MCZ,41416,Catarrhini,Hylobates,lar,lar,F,R,W,Suspensory,Hylobates_lar
MCZ41418Hylobates_lar_lar,MCZ,41418,Catarrhini,Hylobates,lar,lar,F,R,W,Suspensory,Hylobates_lar
MCZ41420Hylobates_lar_lar,MCZ,41420,Catarrhini,Hylobates,lar,lar,M,R,W,Suspensory,Hylobates_lar
MCZ41423Hylobates_lar_lar,MCZ,41423,Catarrhini,Hylobates,lar,lar,M,R,W,Suspensory,Hylobates_lar
MCZ41424Hylobates_lar_lar,MCZ,41424,Catarrhini,Hylobates,lar,lar,F,R,W,Suspensory,Hylobates_lar
MCZ41427Hylobates_lar_lar,MCZ,41427,Catarrhini,Hylobates,lar,lar,M,R,W,Suspensory,Hylobates_lar
MCZ41428Hylobates_lar_lar,MCZ,41428,Catarrhini,Hylobates,lar,lar,M,R,W,Suspensory,Hylobates_lar
MCZ41431Hylobates_lar_lar,MCZ,41431,Catarrhini,Hylobates,lar,lar,M,R,W,Suspensory,Hylobates_lar
MCZ41460Hylobates_lar_lar,MCZ,41460,Catarrhini,Hylobates,lar,lar,F,R,W,Suspensory,Hylobates_lar
MCZ41463Hylobates_lar_lar,MCZ,41463,Catarrhini,Hylobates,lar,lar,F,R,W,Suspensory,Hylobates_lar
MCZ41464Hylobates_lar_lar,MCZ,41464,Catarrhini,Hylobates,lar,lar,M,R,W,Suspensory,Hylobates_lar
MCZ41465Hylobates_lar_lar,MCZ,41465,Catarrhini,Hylobates,lar,lar,M,R,W,Suspensory,Hylobates_lar
MCZ41469Hylobates_lar_lar,MCZ,41469,Catarrhini,Hylobates,lar,lar,F,L,W,Suspensory,Hylobates_lar
MCZ41472Hylobates_lar_lar,MCZ,41472,Catarrhini,Hylobates,lar,lar,M,L,W,Suspensory,Hylobates_lar
MCZ41489Hylobates_lar_lar,MCZ,41489,Catarrhini,Hylobates,lar,lar,M,L,W,Suspensory,Hylobates_lar
MCZ41492Hylobates_lar_lar,MCZ,41492,Catarrhini,Hylobates,lar,lar,M,R,W,Suspensory,Hylobates_lar
AMNH100508Indri_indri,AMNH,100508,Lemuriformes,Indri,indri,NA,F,R,W,VCL,Indri_indri
BMNH1848-10-28-1Indri_indri,BMNH,1848-10-28-1,Lemuriformes,Indri,indri,NA,U,L,U,VCL,Indri_indri
BMNH1935-1-8-6Indri_indri,BMNH,1935-1-8-6,Lemuriformes,Indri,indri,NA,F,R,W,VCL,Indri_indri
MNHN1871-386Indri_indri,MNHN,1871-386,Lemuriformes,Indri,indri,NA,M,R,W,VCL,Indri_indri
MNHN1871-387Indri_indri,MNHN,1871-387,Lemuriformes,Indri,indri,NA,M,R,W,VCL,Indri_indri
MNHN1934-597Indri_indri,MNHN,1934-597,Lemuriformes,Indri,indri,NA,U,R,W,VCL,Indri_indri
MNHN1982-977Indri_indri,MNHN,1982-977,Lemuriformes,Indri,indri,NA,U,L,W,VCL,Indri_indri
FMNH70574Lagothrix_lagothricha_lugens,FMNH,70574,Platyrrhini,Lagothrix,lagothricha,lugens,M,R,W,AQ/Susp,Lagothrix_lagotricha
FMNH70576Lagothrix_lagothricha_lugens,FMNH,70576,Platyrrhini,Lagothrix,lagothricha,lugens,M,R,W,AQ/Susp,Lagothrix_lagotricha
FMNH70584Lagothrix_lagothricha_lugens,FMNH,70584,Platyrrhini,Lagothrix,lagothricha,lugens,F,R,W,AQ/Susp,Lagothrix_lagotricha
FMNH70591Lagothrix_lagothricha_lagothricha,FMNH,70591,Platyrrhini,Lagothrix,lagothricha,lagothricha,F,R,W,AQ/Susp,Lagothrix_lagotricha
FMNH70593Lagothrix_lagothricha_lagothricha,FMNH,70593,Platyrrhini,Lagothrix,lagothricha,lagothricha,F,R,W,AQ/Susp,Lagothrix_lagotricha
FMNH70597Lagothrix_lagothricha_lagothricha,FMNH,70597,Platyrrhini,Lagothrix,lagothricha,lagothricha,M,R,W,AQ/Susp,Lagothrix_lagotricha
FMNH98050Lagothrix_lagothricha_lagothricha,FMNH,98050,Platyrrhini,Lagothrix,lagothricha,lagothricha,M,R,W,AQ/Susp,Lagothrix_lagotricha
FMNH98054Lagothrix_lagothricha_lagothricha,FMNH,98054,Platyrrhini,Lagothrix,lagothricha,lagothricha,M,R,W,AQ/Susp,Lagothrix_lagotricha
FMNH98055Lagothrix_lagothricha_lagothricha,FMNH,98055,Platyrrhini,Lagothrix,lagothricha,lagothricha,M,R,W,AQ/Susp,Lagothrix_lagotricha
MNHN1888-408Lagothrix_lagotricha,MNHN,1888-408,Platyrrhini,Lagothrix,lagothricha,NA,U,R,W,AQ/Susp,Lagothrix_lagotricha
AMNH170740Lemur_catta,AMNH,170740,Lemuriformes,Lemur,catta,NA,M,R,W,AQ/TQ,Lemur_catta
BMNH1875-7-20-10Lemur_catta,BMNH,1875-7-20-10,Lemuriformes,Lemur,catta,NA,U,R,Z,AQ/TQ,Lemur_catta
BMNH1968-7-1-1Lemur_catta,BMNH,1968-7-1-1,Lemuriformes,Lemur,catta,NA,U,R,W,AQ/TQ,Lemur_catta
BMNH1981-747Lemur_catta,BMNH,1981-747,Lemuriformes,Lemur,catta,NA,U,R,U,AQ/TQ,Lemur_catta
BMOC065Lemur_catta,BMOC,65,Lemuriformes,Lemur,catta,NA,U,L,W,AQ/TQ,Lemur_catta
BMOC069Lemur_catta,BMOC,69,Lemuriformes,Lemur,catta,NA,U,R,W,AQ/TQ,Lemur_catta
BMOC099Lemur_catta,BMOC,99,Lemuriformes,Lemur,catta,NA,U,R,W,AQ/TQ,Lemur_catta
BMOC102Lemur_catta,BMOC,102,Lemuriformes,Lemur,catta,NA,U,R,W,AQ/TQ,Lemur_catta
BMOC107Lemur_catta,BMOC,107,Lemuriformes,Lemur,catta,NA,U,R,W,AQ/TQ,Lemur_catta
BMOC108Lemur_catta,BMOC,108,Lemuriformes,Lemur,catta,NA,U,L,W,AQ/TQ,Lemur_catta
BMOC193Lemur_catta,BMOC,193,Lemuriformes,Lemur,catta,NA,M,R,W,AQ/TQ,Lemur_catta
FMNH89766Lemur_catta,FMNH,89766,Lemuriformes,Lemur,catta,NA,M,R,Z,AQ/TQ,Lemur_catta
FMNH127368Lemur_catta,FMNH,127368,Lemuriformes,Lemur,catta,NA,M,R,Z,AQ/TQ,Lemur_catta
MNHN1871-391Lemur_catta,MNHN,1871-391,Lemuriformes,Lemur,catta,NA,U,R,W,AQ/TQ,Lemur_catta
MNHN1888-396Lemur_catta,MNHN,1888-396,Lemuriformes,Lemur,catta,NA,U,R,Z,AQ/TQ,Lemur_catta
MNHN1890-323Lemur_catta,MNHN,1890-323,Lemuriformes,Lemur,catta,NA,U,R,Z,AQ/TQ,Lemur_catta
MNHN1896-379Lemur_catta,MNHN,1896-379,Lemuriformes,Lemur,catta,NA,F,L,Z,AQ/TQ,Lemur_catta
MNHN1906-311Lemur_catta,MNHN,1906-311,Lemuriformes,Lemur,catta,NA,F,R,W,AQ/TQ,Lemur_catta
MNHN1909-289Lemur_catta,MNHN,1909-289,Lemuriformes,Lemur,catta,NA,M,R,Z,AQ/TQ,Lemur_catta
MNHN1910-101Lemur_catta,MNHN,1910-101,Lemuriformes,Lemur,catta,NA,F,R,Z,AQ/TQ,Lemur_catta
MNHN1914-307Lemur_catta,MNHN,1914-307,Lemuriformes,Lemur,catta,NA,M,L,Z,AQ/TQ,Lemur_catta
MNHNA3911Lemur_catta,MNHN,A3911,Lemuriformes,Lemur,catta,NA,U,R,W,AQ/TQ,Lemur_catta
MNHNA3917Lemur_catta,MNHN,A3917,Lemuriformes,Lemur,catta,NA,U,L,W,AQ/TQ,Lemur_catta
NMNH534283Leontopithecus_rosalia,NMNH,534283,Platyrrhini,Leontopithecus,rosalia,NA,F,R,Z,AQ/Leap,Leontopithecus_rosalia
NMNH546321Leontopithecus_rosalia,NMNH,546321,Platyrrhini,Leontopithecus,rosalia,NA,M,R,Z,AQ/Leap,Leontopithecus_rosalia
NMNH546323Leontopithecus_rosalia,NMNH,546323,Platyrrhini,Leontopithecus,rosalia,NA,M,R,Z,AQ/Leap,Leontopithecus_rosalia
NMNH575160Leontopithecus_rosalia_chrysomelas,NMNH,575160,Platyrrhini,Leontopithecus,rosalia,chrysomelas,M,R,Z,AQ/Leap,Leontopithecus_chrysomelas
NMNH583258Leontopithecus_rosalia_chrysomelas,NMNH,583258,Platyrrhini,Leontopithecus,rosalia,chrysomelas,M,R,Z,AQ/Leap,Leontopithecus_chrysomelas
NMNH583928Leontopithecus_rosalia,NMNH,583928,Platyrrhini,Leontopithecus,rosalia,NA,F,R,Z,AQ/Leap,Leontopithecus_rosalia
NMNH583929Leontopithecus_rosalia,NMNH,583929,Platyrrhini,Leontopithecus,rosalia,NA,M,L,Z,AQ/Leap,Leontopithecus_rosalia
NMNH583930Leontopithecus_chrysomelas,NMNH,583930,Platyrrhini,Leontopithecus,chrysomelas,NA,M,R,Z,AQ/Leap,Leontopithecus_chrysomelas
NMNH583931Leontopithecus_chrysomelas,NMNH,583931,Platyrrhini,Leontopithecus,chrysomelas,NA,F,R,Z,AQ/Leap,Leontopithecus_chrysomelas
NMNH588152Leontopithecus_rosalia,NMNH,588152,Platyrrhini,Leontopithecus,rosalia,NA,M,L,Z,AQ/Leap,Leontopithecus_rosalia
NMNH588164Leontopithecus_rosalia,NMNH,588164,Platyrrhini,Leontopithecus,rosalia,NA,F,R,Z,AQ/Leap,Leontopithecus_rosalia
NMNH588171Leontopithecus_rosalia,NMNH,588171,Platyrrhini,Leontopithecus,rosalia,NA,F,L,Z,AQ/Leap,Leontopithecus_rosalia
NMNH588176Leontopithecus_rosalia,NMNH,588176,Platyrrhini,Leontopithecus,rosalia,NA,F,R,Z,AQ/Leap,Leontopithecus_rosalia
NMNH588177Leontopithecus_rosalia,NMNH,588177,Platyrrhini,Leontopithecus,rosalia,NA,F,R,Z,AQ/Leap,Leontopithecus_rosalia
NMNH588229Leontopithecus_chrysomelas,NMNH,588229,Platyrrhini,Leontopithecus,chrysomelas,NA,M,R,Z,AQ/Leap,Leontopithecus_chrysomelas
NMNH588334Leontopithecus_rosalia,NMNH,588334,Platyrrhini,Leontopithecus,rosalia,NA,F,R,Z,AQ/Leap,Leontopithecus_rosalia
NMNH588424Leontopithecus_rosalia_rosalia,NMNH,588424,Platyrrhini,Leontopithecus,rosalia,rosalia,F,R,Z,AQ/Leap,Leontopithecus_rosalia
NMNH589088Leontopithecus_rosalia,NMNH,589088,Platyrrhini,Leontopithecus,rosalia,NA,F,R,Z,AQ/Leap,Leontopithecus_rosalia
AMNH31251Lepilemur_mustelinus_edwardsi,AMNH,31251,Lemuriformes,Lepilemur,mustelinus,edwardsi,M,R,W,VCL,Lepilemur_edwardsi
AMNH100834Lepilemur_mustelinus_mustelinus,AMNH,100834,Lemuriformes,Lepilemur,mustelinus,mustelinus,M,R,W,VCL,Lepilemur_mustelinus
AMNH170552Lepilemur_mustelinus_leucopus,AMNH,170552,Lemuriformes,Lepilemur,mustelinus,leucopus,F,L,W,VCL,Lepilemur_leucopus
AMNH170554Lepilemur_mustelinus_leucopus,AMNH,170554,Lemuriformes,Lepilemur,mustelinus,leucopus,F,R,W,VCL,Lepilemur_leucopus
AMNH170557Lepilemur_mustelinus_leucopus,AMNH,170557,Lemuriformes,Lepilemur,mustelinus,leucopus,F,R,W,VCL,Lepilemur_leucopus
AMNH170558Lepilemur_mustelinus_leucopus,AMNH,170558,Lemuriformes,Lepilemur,mustelinus,leucopus,F,R,W,VCL,Lepilemur_leucopus
AMNH170559Lepilemur_mustelinus_leucopus,AMNH,170559,Lemuriformes,Lepilemur,mustelinus,leucopus,M,R,W,VCL,Lepilemur_leucopus
AMNH170561Lepilemur_mustelinus_leucopus,AMNH,170561,Lemuriformes,Lepilemur,mustelinus,leucopus,M,L,W,VCL,Lepilemur_leucopus
AMNH170563Lepilemur_mustelinus_leucopus,AMNH,170563,Lemuriformes,Lepilemur,mustelinus,leucopus,F,R,W,VCL,Lepilemur_leucopus
AMNH170564Lepilemur_mustelinus_leucopus,AMNH,170564,Lemuriformes,Lepilemur,mustelinus,leucopus,M,R,W,VCL,Lepilemur_leucopus
AMNH170565Lepilemur_mustelinus_leucopus,AMNH,170565,Lemuriformes,Lepilemur,mustelinus,leucopus,F,L,W,VCL,Lepilemur_leucopus
AMNH170566Lepilemur_mustelinus_leucopus,AMNH,170566,Lemuriformes,Lepilemur,mustelinus,leucopus,F,R,W,VCL,Lepilemur_leucopus
AMNH170567Lepilemur_mustelinus_leucopus,AMNH,170567,Lemuriformes,Lepilemur,mustelinus,leucopus,F,R,W,VCL,Lepilemur_leucopus
AMNH170568Lepilemur_mustelinus_leucopus,AMNH,170568,Lemuriformes,Lepilemur,mustelinus,leucopus,F,R,W,VCL,Lepilemur_leucopus
AMNH170569Lepilemur_mustelinus_leucopus,AMNH,170569,Lemuriformes,Lepilemur,mustelinus,leucopus,M,R,W,VCL,Lepilemur_leucopus
AMNH170570Lepilemur_mustelinus_leucopus,AMNH,170570,Lemuriformes,Lepilemur,mustelinus,leucopus,M,L,W,VCL,Lepilemur_leucopus
BMNH1897-9-1-23Lepilemur_mustelinus,BMNH,1897-9-1-23,Lemuriformes,Lepilemur,mustelinus,NA,F,R,W,VCL,Lepilemur_mustelinus
BMNH1958-3-4-6Lepilemur_mustelinus,BMNH,1958-3-4-6,Lemuriformes,Lepilemur,mustelinus,NA,F,R,W,VCL,Lepilemur_mustelinus
BMNH71-4-3-11Lepilemur_mustelinus,BMNH,71-4-3-11,Lemuriformes,Lepilemur,mustelinus,NA,M,L,U,VCL,Lepilemur_mustelinus
AMNH30620Macaca_fascicularis,AMNH,30620,Catarrhini,Macaca,fascicularis,NA,F,R,W,AQ,Macaca_fascicularis
AMNH30622Macaca_fascicularis,AMNH,30622,Catarrhini,Macaca,fascicularis,NA,M,R,W,AQ,Macaca_fascicularis
AMNH103654Macaca_fascicularis,AMNH,103654,Catarrhini,Macaca,fascicularis,NA,F,R,W,AQ,Macaca_fascicularis
AMNH103659Macaca_fascicularis,AMNH,103659,Catarrhini,Macaca,fascicularis,NA,M,R,W,AQ,Macaca_fascicularis
BMNH1872-8-20-1Macaca_fascicularis,BMNH,1872-8-20-1,Catarrhini,Macaca,fascicularis,NA,F,R,W,AQ,Macaca_fascicularis
BMNH1894-6-12-13Macaca_fascicularis,BMNH,1894-6-12-13,Catarrhini,Macaca,fascicularis,NA,F,R,W,AQ,Macaca_fascicularis
FMNH61026Macaca_fascicularis_fascicularis,FMNH,61026,Catarrhini,Macaca,fascicularis,fascicularis,M,R,W,AQ,Macaca_fascicularis
FMNH62273Macaca_fascicularis_philippinensis,FMNH,62273,Catarrhini,Macaca,fascicularis,philippinensis,M,R,W,AQ,Macaca_fascicularis
FMNH62275Macaca_fascicularis_philippinensis,FMNH,62275,Catarrhini,Macaca,fascicularis,philippinensis,M,R,W,AQ,Macaca_fascicularis
FMNH62276Macaca_fascicularis_philippinensis,FMNH,62276,Catarrhini,Macaca,fascicularis,philippinensis,M,L,W,AQ,Macaca_fascicularis
FMNH62902Macaca_fascicularis_philippinensis,FMNH,62902,Catarrhini,Macaca,fascicularis,philippinensis,M,R,W,AQ,Macaca_fascicularis
FMNH65451Macaca_fascicularis_fascicularis,FMNH,65451,Catarrhini,Macaca,fascicularis,fascicularis,F,R,W,AQ,Macaca_fascicularis
MCZ35608Macaca_fascicularis_fascicularis,MCZ,35608,Catarrhini,Macaca,fascicularis,fascicularis,M,R,W,AQ,Macaca_fascicularis
MCZ35612Macaca_fascicularis_fascicularis,MCZ,35612,Catarrhini,Macaca,fascicularis,fascicularis,M,R,W,AQ,Macaca_fascicularis
MCZ35613Macaca_fascicularis_fascicularis,MCZ,35613,Catarrhini,Macaca,fascicularis,fascicularis,M,R,W,AQ,Macaca_fascicularis
MCZ35619Macaca_fascicularis_fascicularis,MCZ,35619,Catarrhini,Macaca,fascicularis,fascicularis,M,L,W,AQ,Macaca_fascicularis
MCZ35629Macaca_fascicularis_fascicularis,MCZ,35629,Catarrhini,Macaca,fascicularis,fascicularis,M,R,W,AQ,Macaca_fascicularis
MCZ35634Macaca_fascicularis_fascicularis,MCZ,35634,Catarrhini,Macaca,fascicularis,fascicularis,F,R,W,AQ,Macaca_fascicularis
MCZ35652Macaca_fascicularis_fascicularis,MCZ,35652,Catarrhini,Macaca,fascicularis,fascicularis,F,R,W,AQ,Macaca_fascicularis
MCZ35656Macaca_fascicularis_fascicularis,MCZ,35656,Catarrhini,Macaca,fascicularis,fascicularis,M,R,W,AQ,Macaca_fascicularis
MCZ35658Macaca_fascicularis_fascicularis,MCZ,35658,Catarrhini,Macaca,fascicularis,fascicularis,F,L,W,AQ,Macaca_fascicularis
MCZ35677Macaca_fascicularis_fascicularis,MCZ,35677,Catarrhini,Macaca,fascicularis,fascicularis,M,R,W,AQ,Macaca_fascicularis
MCZ35681Macaca_fascicularis_fascicularis,MCZ,35681,Catarrhini,Macaca,fascicularis,fascicularis,M,R,W,AQ,Macaca_fascicularis
MCZ35694Macaca_fascicularis_fascicularis,MCZ,35694,Catarrhini,Macaca,fascicularis,fascicularis,F,R,W,AQ,Macaca_fascicularis
MCZ35701Macaca_fascicularis_fascicularis,MCZ,35701,Catarrhini,Macaca,fascicularis,fascicularis,M,L,W,AQ,Macaca_fascicularis
MCZ35729Macaca_fascicularis_fascicularis,MCZ,35729,Catarrhini,Macaca,fascicularis,fascicularis,M,R,W,AQ,Macaca_fascicularis
MCZ35736Macaca_fascicularis_fascicularis,MCZ,35736,Catarrhini,Macaca,fascicularis,fascicularis,M,L,W,AQ,Macaca_fascicularis
MCZ37352Macaca_fascicularis_fascicularis,MCZ,37352,Catarrhini,Macaca,fascicularis,fascicularis,F,R,W,AQ,Macaca_fascicularis
MCZ37357Macaca_fascicularis_fascicularis,MCZ,37357,Catarrhini,Macaca,fascicularis,fascicularis,F,R,W,AQ,Macaca_fascicularis
MCZ37407Macaca_fascicularis_fascicularis,MCZ,37407,Catarrhini,Macaca,fascicularis,fascicularis,F,R,W,AQ,Macaca_fascicularis
MCZ37414Macaca_fascicularis_fascicularis,MCZ,37414,Catarrhini,Macaca,fascicularis,fascicularis,M,R,W,AQ,Macaca_fascicularis
MNHN1874-603Macaca_fascicularis,MNHN,1874-603,Catarrhini,Macaca,fascicularis,NA,U,L,W,AQ,Macaca_fascicularis
MNHN1876-411Macaca_fascicularis,MNHN,1876-411,Catarrhini,Macaca,fascicularis,NA,U,R,W/Z,AQ,Macaca_fascicularis
MNHNA3886Macaca_fascicularis,MNHN,A3886,Catarrhini,Macaca,fascicularis,NA,U,R,W,AQ,Macaca_fascicularis
NMNH573504Macaca_fascicularis,NMNH,573504,Catarrhini,Macaca,fascicularis,NA,M,L,W,AQ,Macaca_fascicularis
AMNH28256Macaca_nemestrina_nemestrina,AMNH,28256,Catarrhini,Macaca,nemestrina,nemestrina,M,L,W,TQ,Macaca_nemestrina
AMNH106563Macaca_nemestrina_nemestrina,AMNH,106563,Catarrhini,Macaca,nemestrina,nemestrina,M,R,W,TQ,Macaca_nemestrina
AMNH106564Macaca_nemestrina_nemestrina,AMNH,106564,Catarrhini,Macaca,nemestrina,nemestrina,M,L,W,TQ,Macaca_nemestrina
MNHN1929-197Macaca_nemestrina,MNHN,1929-197,Catarrhini,Macaca,nemestrina,NA,F,R,Z,TQ,Macaca_nemestrina
MNHNA3883Macaca_nemestrina,MNHN,A3883,Catarrhini,Macaca,nemestrina,NA,M,R,W,TQ,Macaca_nemestrina
MNHNA3896Macaca_nemestrina,MNHN,A3896,Catarrhini,Macaca,nemestrina,NA,U,R,W,TQ,Macaca_nemestrina
NMNH49691Macaca_nemestrina,NMNH,49691,Catarrhini,Macaca,nemestrina,NA,M,L,W,TQ,Macaca_nemestrina
NMNH49696Macaca_nemestrina,NMNH,49696,Catarrhini,Macaca,nemestrina,NA,M,R,W,TQ,Macaca_nemestrina
NMNH49874Macaca_nemestrina,NMNH,49874,Catarrhini,Macaca,nemestrina,NA,M,R,W,TQ,Macaca_nemestrina
NMNH154367Macaca_nemestrina,NMNH,154367,Catarrhini,Macaca,nemestrina,NA,M,R,W,TQ,Macaca_nemestrina
NMNH199165Macaca_nemestrina,NMNH,199165,Catarrhini,Macaca,nemestrina,NA,F,R,W,TQ,Macaca_nemestrina
NMNH305069Macaca_nemestrina,NMNH,305069,Catarrhini,Macaca,nemestrina,NA,F,R,W,TQ,Macaca_nemestrina
AMNH89367Mandrillus_sphinx,AMNH,89367,Catarrhini,Mandrillus,sphinx,NA,F,R,W,TQ,Mandrillus_sphinx
AMNH170364Mandrillus_sphinx,AMNH,170364,Catarrhini,Mandrillus,sphinx,NA,M,R,W,TQ,Mandrillus_sphinx
AMNH170366Mandrillus_sphinx,AMNH,170366,Catarrhini,Mandrillus,sphinx,NA,U,R,W,TQ,Mandrillus_sphinx
BMNH1948-7-6-2Mandrillus_sphinx,BMNH,1948-7-6-2,Catarrhini,Mandrillus,sphinx,NA,M,R,W/Z,TQ,Mandrillus_sphinx
FMNH44886Mandrillus_sphinx,FMNH,44886,Catarrhini,Mandrillus,sphinx,NA,M,R,Z,TQ,Mandrillus_sphinx
FMNH127413Mandrillus_sphinx,FMNH,127413,Catarrhini,Mandrillus,sphinx,NA,F,R,Z,TQ,Mandrillus_sphinx
FMNH135289Mandrillus_sphinx,FMNH,135289,Catarrhini,Mandrillus,sphinx,NA,M,R,Z,TQ,Mandrillus_sphinx
MNHN1890-59Mandrillus_sphinx,MNHN,1890-59,Catarrhini,Mandrillus,sphinx,NA,F,L,Z,TQ,Mandrillus_sphinx
BMNH1977-861Miopithecus_talapoin,BMNH,1977-861,Catarrhini,Miopithecus,talapoin,NA,F,L,W,AQ,Miopithecus_talapoin
BMNH1977-862Miopithecus_talapoin,BMNH,1977-862,Catarrhini,Miopithecus,talapoin,NA,F,L,W,AQ,Miopithecus_talapoin
BMNH1977-867Miopithecus_talapoin,BMNH,1977-867,Catarrhini,Miopithecus,talapoin,NA,F,L,W,AQ,Miopithecus_talapoin
BMNH1977-872Miopithecus_talapoin,BMNH,1977-872,Catarrhini,Miopithecus,talapoin,NA,F,L,W,AQ,Miopithecus_talapoin
BMNH1977-874Miopithecus_talapoin,BMNH,1977-874,Catarrhini,Miopithecus,talapoin,NA,M,R,W,AQ,Miopithecus_talapoin
FMNH95273Miopithecus_talapoin,FMNH,95273,Catarrhini,Miopithecus,talapoin,NA,M,R,Z,AQ,Miopithecus_talapoin
FMNH121359Miopithecus_talapoin,FMNH,121359,Catarrhini,Miopithecus,talapoin,NA,F,R,Z,AQ,Miopithecus_talapoin
FMNH129459Miopithecus_talapoin,FMNH,129459,Catarrhini,Miopithecus,talapoin,NA,F,R,W/Z,AQ,Miopithecus_talapoin
MNHN1940-276Miopithecus_talapoin,MNHN,1940-276,Catarrhini,Miopithecus,talapoin,NA,M,L,Z,AQ,Miopithecus_talapoin
MNHN1970-399Miopithecus_talapoin,MNHN,1970-399,Catarrhini,Miopithecus,talapoin,NA,M,R,W,AQ,Miopithecus_talapoin
MNHN1998-1949Miopithecus_talapoin,MNHN,1998-1949,Catarrhini,Miopithecus,talapoin,NA,F,R,W,AQ,Miopithecus_talapoin
MNHNA3863Miopithecus_talapoin,MNHN,A3863,Catarrhini,Miopithecus,talapoin,NA,F,L,W,AQ,Miopithecus_talapoin
NMNH397321Miopithecus_talapoin,NMNH,397321,Catarrhini,Miopithecus,talapoin,NA,F,R,U,AQ,Miopithecus_talapoin
NMNH397625Miopithecus_talapoin,NMNH,397625,Catarrhini,Miopithecus,talapoin,NA,F,L,Z?,AQ,Miopithecus_talapoin
NMNH397656Miopithecus_talapoin,NMNH,397656,Catarrhini,Miopithecus,talapoin,NA,F,R,U,AQ,Miopithecus_talapoin
AMNH28255Nasalis_larvatus,AMNH,28255,Catarrhini,Nasalis,larvatus,NA,U,R,W,AQ/Leap,Nasalis_larvatus
AMNH103669Nasalis_larvatus,AMNH,103669,Catarrhini,Nasalis,larvatus,NA,F,R,W,AQ/Leap,Nasalis_larvatus
AMNH103671Nasalis_larvatus,AMNH,103671,Catarrhini,Nasalis,larvatus,NA,M,R,W,AQ/Leap,Nasalis_larvatus
AMNH106272Nasalis_larvatus,AMNH,106272,Catarrhini,Nasalis,larvatus,NA,M,L,W,AQ/Leap,Nasalis_larvatus
AMNH106273Nasalis_larvatus,AMNH,106273,Catarrhini,Nasalis,larvatus,NA,M,R,W,AQ/Leap,Nasalis_larvatus
AMNH106274Nasalis_larvatus,AMNH,106274,Catarrhini,Nasalis,larvatus,NA,M,R,W,AQ/Leap,Nasalis_larvatus
AMNH106275Nasalis_larvatus,AMNH,106275,Catarrhini,Nasalis,larvatus,NA,M,L,W,AQ/Leap,Nasalis_larvatus
BMNH1939-1152Nasalis_larvatus,BMNH,1939-1152,Catarrhini,Nasalis,larvatus,NA,M,L,W,AQ/Leap,Nasalis_larvatus
BMNH1939-1153Nasalis_larvatus,BMNH,1939-1153,Catarrhini,Nasalis,larvatus,NA,M,L,W,AQ/Leap,Nasalis_larvatus
MCZ37327Nasalis_larvatus,MCZ,37327,Catarrhini,Nasalis,larvatus,NA,M,R,W,AQ/Leap,Nasalis_larvatus
MCZ37329Nasalis_larvatus,MCZ,37329,Catarrhini,Nasalis,larvatus,NA,M,R,W,AQ/Leap,Nasalis_larvatus
MCZ37330Nasalis_larvatus,MCZ,37330,Catarrhini,Nasalis,larvatus,NA,M,L,W,AQ/Leap,Nasalis_larvatus
MCZ37331Nasalis_larvatus,MCZ,37331,Catarrhini,Nasalis,larvatus,NA,F,L,W,AQ/Leap,Nasalis_larvatus
MCZ37339Nasalis_larvatus,MCZ,37339,Catarrhini,Nasalis,larvatus,NA,F,R,W,AQ/Leap,Nasalis_larvatus
MCZ37341Nasalis_larvatus,MCZ,37341,Catarrhini,Nasalis,larvatus,NA,F,R,W,AQ/Leap,Nasalis_larvatus
MCZ37343Nasalis_larvatus,MCZ,37343,Catarrhini,Nasalis,larvatus,NA,F,R,W,AQ/Leap,Nasalis_larvatus
MCZ37344Nasalis_larvatus,MCZ,37344,Catarrhini,Nasalis,larvatus,NA,F,R,W,AQ/Leap,Nasalis_larvatus
MCZ41561Nasalis_larvatus,MCZ,41561,Catarrhini,Nasalis,larvatus,NA,M,L,W,AQ/Leap,Nasalis_larvatus
MNHN1901-766Nasalis_larvatus,MNHN,1901-766,Catarrhini,Nasalis,larvatus,NA,U,R,W,AQ/Leap,Nasalis_larvatus
NMNH151817Nasalis_larvatus,NMNH,151817,Catarrhini,Nasalis,larvatus,NA,F,R,W,AQ/Leap,Nasalis_larvatus
BMNH1896-11-29-4Nycticebus_coucang_bengalensis,BMNH,1896-11-29-4,Lorisiformes,Nycticebus,coucang,bengalensis,U,L,W,AQ/Slow,Nycticebus_bengalensis
BMNH1948-5-12-1Nycticebus_coucang_javanicus,BMNH,1948-5-12-1,Lorisiformes,Nycticebus,coucang,javanicus,F,L,Z,AQ/Slow,Nycticebus_javanicus
FMNH57318Nycticebus_coucang_menagensis,FMNH,57318,Lorisiformes,Nycticebus,coucang,menagensis,U,R,W/Z,AQ/Slow,Nycticebus_menagensis
FMNH57330Nycticebus_coucang_bengalensis,FMNH,57330,Lorisiformes,Nycticebus,coucang,bengalensis,F,R,W/Z,AQ/Slow,Nycticebus_bengalensis
FMNH57463Nycticebus_coucang_menagensis,FMNH,57463,Lorisiformes,Nycticebus,coucang,menagensis,U,L,W/Z,AQ/Slow,Nycticebus_menagensis
FMNH60790Nycticebus_coucang,FMNH,60790,Lorisiformes,Nycticebus,coucang,NA,F,R,Z,AQ/Slow,Nycticebus_coucang
FMNH89464Nycticebus_coucang_menagensis,FMNH,89464,Lorisiformes,Nycticebus,coucang,menagensis,M,L,W/Z,AQ/Slow,Nycticebus_menagensis
FMNH89465Nycticebus_coucang_menagensis,FMNH,89465,Lorisiformes,Nycticebus,coucang,menagensis,M,R,W/Z,AQ/Slow,Nycticebus_menagensis
FMNH89467Nycticebus_coucang_menagensis,FMNH,89467,Lorisiformes,Nycticebus,coucang,menagensis,M,R,W/Z,AQ/Slow,Nycticebus_menagensis
FMNH108856Nycticebus_coucang_coucang,FMNH,108856,Lorisiformes,Nycticebus,coucang,coucang,F,R,W,AQ/Slow,Nycticebus_coucang
FMNH171104Nycticebus_coucang,FMNH,171104,Lorisiformes,Nycticebus,coucang,NA,F,R,Z,AQ/Slow,Nycticebus_coucang
MNHN1888-840Nycticebus_cinereus,MNHN,1888-840,Lorisiformes,Nycticebus,coucang,NA,U,L,Z,AQ/Slow,Nycticebus_bengalensis
MNHNA3962Nycticebus_coucang,MNHN,A3962,Lorisiformes,Nycticebus,coucang,NA,U,R,W,AQ/Slow,Nycticebus_coucang
NMNH21179Nycticebus_coucang,NMNH,21179,Lorisiformes,Nycticebus,coucang,NA,M,R,W,AQ/Slow,Nycticebus_coucang
AMNH216239Otolemur_crassicaudatus,AMNH,216239,Lorisiformes,Otolemur,crassicaudatus,NA,M,R,W,AQ,Otolemur_crassicaudatus
AMNH216240Otolemur_crassicaudatus,AMNH,216240,Lorisiformes,Otolemur,crassicaudatus,NA,F,L,W,AQ,Otolemur_crassicaudatus
AMNH216244Otolemur_crassicaudatus,AMNH,216244,Lorisiformes,Otolemur,crassicaudatus,NA,M,R,W,AQ,Otolemur_crassicaudatus
BMNH1937-11-4-1Otolemur_crassicaudatus_panganiensis,BMNH,1937-11-4-1,Lorisiformes,Otolemur,crassicaudatus,panganiensis,M,R,W,AQ,Otolemur_crassicaudatus
FMNH60721Otolemur_crassicaudatus,FMNH,60721,Lorisiformes,Otolemur,crassicaudatus,NA,F,R,Z,AQ,Otolemur_crassicaudatus
FMNH198178Otolemur_crassicaudatus,FMNH,198178,Lorisiformes,Otolemur,crassicaudatus,NA,M,R,W,AQ,Otolemur_crassicaudatus
NMNH365720Otolemur_crassicaudatus_kirkii,NMNH,365720,Lorisiformes,Otolemur,crassicaudatus,kirkii,M,L,W,AQ,Otolemur_crassicaudatus
NMNH365730Otolemur_crassicaudatus_kirkii,NMNH,365730,Lorisiformes,Otolemur,crassicaudatus,kirkii,M,R,W,AQ,Otolemur_crassicaudatus
NMNH396164Otolemur_crassicaudatus_panganiensis,NMNH,396164,Lorisiformes,Otolemur,crassicaudatus,panganiensis,M,R,Z,AQ,Otolemur_crassicaudatus
NMNH397318Otolemur_crassicaudatus_panganiensis,NMNH,397318,Lorisiformes,Otolemur,crassicaudatus,panganiensis,M,R,Z,AQ,Otolemur_crassicaudatus
NMNH397661Otolemur_crassicaudatus_panganiensis,NMNH,397661,Lorisiformes,Otolemur,crassicaudatus,panganiensis,M,R,Z,AQ,Otolemur_crassicaudatus
NMNH397662Otolemur_crassicaudatus,NMNH,397662,Lorisiformes,Otolemur,crassicaudatus,NA,M,L,Z,AQ,Otolemur_crassicaudatus
NMNH397672Otolemur_crassicaudatus_panganiensis,NMNH,397672,Lorisiformes,Otolemur,crassicaudatus,panganiensis,M,R,Z,AQ,Otolemur_crassicaudatus
NMNH397725Otolemur_crassicaudatus_panganiensis,NMNH,397725,Lorisiformes,Otolemur,crassicaudatus,panganiensis,F,R,Z,AQ,Otolemur_crassicaudatus
NMNH397989Otolemur_crassicaudatus,NMNH,397989,Lorisiformes,Otolemur,crassicaudatus,NA,M,R,Z,AQ,Otolemur_crassicaudatus
NMNH397992Otolemur_crassicaudatus,NMNH,397992,Lorisiformes,Otolemur,crassicaudatus,NA,M,L,Z,AQ,Otolemur_crassicaudatus
NMNH398009Otolemur_crassicaudatus,NMNH,398009,Lorisiformes,Otolemur,crassicaudatus,NA,M,L,Z,AQ,Otolemur_crassicaudatus
NMNH398050Otolemur_crassicaudatus_panganiensis,NMNH,398050,Lorisiformes,Otolemur,crassicaudatus,panganiensis,F,R,Z,AQ,Otolemur_crassicaudatus
NMNH398051Otolemur_crassicaudatus_panganiensis,NMNH,398051,Lorisiformes,Otolemur,crassicaudatus,panganiensis,M,R,Z,AQ,Otolemur_crassicaudatus
NMNH398052Otolemur_crassicaudatus_panganiensis,NMNH,398052,Lorisiformes,Otolemur,crassicaudatus,panganiensis,M,R,Z,AQ,Otolemur_crassicaudatus
NMNH398076Otolemur_crassicaudatus_panganiensis,NMNH,398076,Lorisiformes,Otolemur,crassicaudatus,panganiensis,M,R,Z,AQ,Otolemur_crassicaudatus
NMNH398077Otolemur_crassicaudatus_panganiensis,NMNH,398077,Lorisiformes,Otolemur,crassicaudatus,panganiensis,M,R,Z,AQ,Otolemur_crassicaudatus
NMNH425417Otolemur_crassicaudatus,NMNH,425417,Lorisiformes,Otolemur,crassicaudatus,NA,M,R,W,AQ,Otolemur_crassicaudatus
NMNH425418Otolemur_crassicaudatus_kirkii,NMNH,425418,Lorisiformes,Otolemur,crassicaudatus,kirkii,M,R,W,AQ,Otolemur_crassicaudatus
AMNH51202Pan_troglodytes_schweinfurthii,AMNH,51202,Catarrhini,Pan,troglodytes,schweinfurthii,M,R,W,TQ,Pan_troglodytes
AMNH51377Pan_troglodytes_schweinfurthii,AMNH,51377,Catarrhini,Pan,troglodytes,schweinfurthii,M,R,W,TQ,Pan_troglodytes
AMNH51393Pan_troglodytes_schweinfurthii,AMNH,51393,Catarrhini,Pan,troglodytes,schweinfurthii,M,R,W,TQ,Pan_troglodytes
AMNH54330Pan_troglodytes_troglodytes,AMNH,54330,Catarrhini,Pan,troglodytes,troglodytes,M,R,W,TQ,Pan_troglodytes
AMNH89351Pan_troglodytes_verus,AMNH,89351,Catarrhini,Pan,troglodytes,verus,F,R,W,TQ,Pan_troglodytes
AMNH89354Pan_troglodytes_verus,AMNH,89354,Catarrhini,Pan,troglodytes,verus,F,R,W,TQ,Pan_troglodytes
AMNH89355Pan_troglodytes_verus,AMNH,89355,Catarrhini,Pan,troglodytes,verus,M,R,W,TQ,Pan_troglodytes
AMNH89407Pan_troglodytes_verus,AMNH,89407,Catarrhini,Pan,troglodytes,verus,M,R,W,TQ,Pan_troglodytes
AMNH90189Pan_troglodytes_troglodytes,AMNH,90189,Catarrhini,Pan,troglodytes,troglodytes,M,L,W,TQ,Pan_troglodytes
AMNH90190Pan_troglodytes_troglodytes,AMNH,90190,Catarrhini,Pan,troglodytes,troglodytes,M,L,W,TQ,Pan_troglodytes
AMNH167341Pan_troglodytes_troglodytes,AMNH,167341,Catarrhini,Pan,troglodytes,troglodytes,M,R,W,TQ,Pan_troglodytes
AMNH167342Pan_troglodytes_troglodytes,AMNH,167342,Catarrhini,Pan,troglodytes,troglodytes,M,R,W,TQ,Pan_troglodytes
AMNH174861Pan,AMNH,174861,Catarrhini,Pan,troglodytes,NA,M,R,W,TQ,Pan_troglodytes
CMNHHTB1707Pan_troglodytes,CMNH,HTB1707,Catarrhini,Pan,troglodytes,NA,F,R,W,TQ,Pan_troglodytes
CMNHHTB1708Pan_troglodytes,CMNH,HTB1708,Catarrhini,Pan,troglodytes,NA,M,R,W,TQ,Pan_troglodytes
CMNHHTB1713Pan_troglodytes,CMNH,HTB1713,Catarrhini,Pan,troglodytes,NA,F,R,W,TQ,Pan_troglodytes
CMNHHTB1719Pan_troglodytes,CMNH,HTB1719,Catarrhini,Pan,troglodytes,NA,F,R,W,TQ,Pan_troglodytes
CMNHHTB1720Pan_troglodytes,CMNH,HTB1720,Catarrhini,Pan,troglodytes,NA,F,R,W,TQ,Pan_troglodytes
CMNHHTB1721Pan_troglodytes,CMNH,HTB1721,Catarrhini,Pan,troglodytes,NA,F,R,W,TQ,Pan_troglodytes
CMNHHTB1738Pan_troglodytes,CMNH,HTB1738,Catarrhini,Pan,troglodytes,NA,M,R,W,TQ,Pan_troglodytes
CMNHHTB1739Pan_troglodytes,CMNH,HTB1739,Catarrhini,Pan,troglodytes,NA,M,R,W,TQ,Pan_troglodytes
CMNHHTB1744Pan_troglodytes,CMNH,HTB1744,Catarrhini,Pan,troglodytes,NA,F,R,W,TQ,Pan_troglodytes
CMNHHTB1748Pan_troglodytes,CMNH,HTB1748,Catarrhini,Pan,troglodytes,NA,F,R,W,TQ,Pan_troglodytes
CMNHHTB1755Pan_troglodytes,CMNH,HTB1755,Catarrhini,Pan,troglodytes,NA,F,R,W,TQ,Pan_troglodytes
CMNHHTB1758Pan_troglodytes,CMNH,HTB1758,Catarrhini,Pan,troglodytes,NA,M,R,W,TQ,Pan_troglodytes
CMNHHTB1759Pan_troglodytes,CMNH,HTB1759,Catarrhini,Pan,troglodytes,NA,F,R,W,TQ,Pan_troglodytes
CMNHHTB1766Pan_troglodytes,CMNH,HTB1766,Catarrhini,Pan,troglodytes,NA,F,R,W,TQ,Pan_troglodytes
CMNHHTB1843Pan_troglodytes,CMNH,HTB1843,Catarrhini,Pan,troglodytes,NA,F,R,W,TQ,Pan_troglodytes
CMNHHTB1880Pan_troglodytes,CMNH,HTB1880,Catarrhini,Pan,troglodytes,NA,F,R,W,TQ,Pan_troglodytes
CMNHHTB1882Pan_troglodytes,CMNH,HTB1882,Catarrhini,Pan,troglodytes,NA,M,R,W,TQ,Pan_troglodytes
CMNHHTB2026Pan_troglodytes,CMNH,HTB2026,Catarrhini,Pan,troglodytes,NA,M,R,W,TQ,Pan_troglodytes
CMNHHTB2072Pan_troglodytes,CMNH,HTB2072,Catarrhini,Pan,troglodytes,NA,M,R,W,TQ,Pan_troglodytes
CMNHHTB2746Pan_troglodytes,CMNH,HTB2746,Catarrhini,Pan,troglodytes,NA,M,L,W,TQ,Pan_troglodytes
CMNHHTB2771Pan_troglodytes,CMNH,HTB2771,Catarrhini,Pan,troglodytes,NA,F,R,W,TQ,Pan_troglodytes
CMNHHTB2823Pan_troglodytes,CMNH,HTB2823,Catarrhini,Pan,troglodytes,NA,F,R,W,TQ,Pan_troglodytes
CMNHHTB3539Pan_troglodytes,CMNH,HTB3539,Catarrhini,Pan,troglodytes,NA,F,R,W,TQ,Pan_troglodytes
CMNHHTB3551Pan_troglodytes,CMNH,HTB3551,Catarrhini,Pan,troglodytes,NA,F,R,W,TQ,Pan_troglodytes
BMNH1862-6-26-1Papio_ursinus,BMNH,1862-6-26-1,Catarrhini,Papio,hamadryas,ursinus,M,R,W,TQ,Papio_ursinus
BMNH1862-6-26-2Papio_ursinus,BMNH,1862-6-26-2,Catarrhini,Papio,hamadryas,ursinus,F,L,W,TQ,Papio_ursinus
BMNH1948-8-3-2Papio_anubis,BMNH,1948-8-3-2,Catarrhini,Papio,hamadryas,anubis,M,R,Z,TQ,Papio_anubis
BMNH1962-12-14-6Papio_anubis,BMNH,1962-12-14-6,Catarrhini,Papio,hamadryas,anubis,F,R,W,TQ,Papio_anubis
BMNH1962-7-6-13Papio_cynocephalus,BMNH,1962-7-6-13,Catarrhini,Papio,hamadryas,cynocephalus,M,R,W,TQ,Papio_cynocephalus
BMNH35-2-14-1Papio_anubis,BMNH,35-2-14-1,Catarrhini,Papio,hamadryas,anubis,M,R,W,TQ,Papio_anubis
BMNH72-129Papio_cynocephalus,BMNH,72-129,Catarrhini,Papio,hamadryas,cynocephalus,M,R,W,TQ,Papio_cynocephalus
MNHN1872-454Papio_cynocephalus,MNHN,1872-454,Catarrhini,Papio,hamadryas,cynocephalus,F,R,W/Z,TQ,Papio_cynocephalus
MNHN1880-1295Papio_hamadryas,MNHN,1880-1295,Catarrhini,Papio,hamadryas,hamadryas,U,R,W,TQ,Papio_hamadryas
MNHN1911-367Papio_papio,MNHN,1911-367,Catarrhini,Papio,hamadryas,papio,M,R,Z,TQ,Papio_papio
MNHN1932-572Papio_hamadryas,MNHN,1932-572,Catarrhini,Papio,hamadryas,hamadryas,M,R,Z,TQ,Papio_hamadryas
MNHN1934-616Papio_anubis,MNHN,1934-616,Catarrhini,Papio,hamadryas,anubis,F,R,Z,TQ,Papio_anubis
MNHNA3906Papio_papio,MNHN,A3906,Catarrhini,Papio,hamadryas,papio,M,R,W,TQ,Papio_papio
NMNH20860Papio_ursinus,NMNH,20860,Catarrhini,Papio,hamadryas,ursinus,M,R,Z,TQ,Papio_ursinus
NMNH144059Papio_anubis,NMNH,144059,Catarrhini,Papio,hamadryas,anubis,M,R,Z,TQ,Papio_anubis
NMNH199060Papio_hamadryas,NMNH,199060,Catarrhini,Papio,hamadryas,hamadryas,M,R,Z,TQ,Papio_hamadryas
NMNH236976Papio_anubis_anubis,NMNH,236976,Catarrhini,Papio,hamadryas,anubis,M,R,W,TQ,Papio_anubis
NMNH237574Papio_hamadryas,NMNH,237574,Catarrhini,Papio,hamadryas,hamadryas,M,R,Z,TQ,Papio_hamadryas
NMNH239743Papio_anubis,NMNH,239743,Catarrhini,Papio,hamadryas,anubis,U,R,W,TQ,Papio_anubis
NMNH258502Papio_hamadryas,NMNH,258502,Catarrhini,Papio,hamadryas,hamadryas,M,R,Z,TQ,Papio_hamadryas
NMNH269411Papio_ursinus,NMNH,269411,Catarrhini,Papio,hamadryas,ursinus,M,R,Z,TQ,Papio_ursinus
NMNH301518Papio_ursinus,NMNH,301518,Catarrhini,Papio,hamadryas,ursinus,F,R,Z,TQ,Papio_ursinus
NMNH354985Papio_anubis_neumanni,NMNH,354985,Catarrhini,Papio,hamadryas,anubis,F,R,Z,TQ,Papio_anubis
NMNH354987Papio_anubis_neumanni,NMNH,354987,Catarrhini,Papio,hamadryas,anubis,M,R,Z,TQ,Papio_anubis
NMNH354988Papio_anubis_neumanni,NMNH,354988,Catarrhini,Papio,hamadryas,anubis,M,R,Z,TQ,Papio_anubis
NMNH354989Papio_anubis,NMNH,354989,Catarrhini,Papio,hamadryas,anubis,M,R,U,TQ,Papio_anubis
NMNH354992Papio_anubis,NMNH,354992,Catarrhini,Papio,hamadryas,anubis,U,R,Z,TQ,Papio_anubis
NMNH354993Papio_anubis_neumanni,NMNH,354993,Catarrhini,Papio,hamadryas,anubis,U,R,Z,TQ,Papio_anubis
NMNH384227Papio_anubis_neumanni,NMNH,384227,Catarrhini,Papio,hamadryas,anubis,F,R,Z,TQ,Papio_anubis
NMNH384228Papio_anubis_neumanni,NMNH,384228,Catarrhini,Papio,hamadryas,anubis,F,R,W,TQ,Papio_anubis
NMNH384229Papio_anubis,NMNH,384229,Catarrhini,Papio,hamadryas,anubis,M,R,Z,TQ,Papio_anubis
NMNH384235Papio_anubis_neumanni,NMNH,384235,Catarrhini,Papio,hamadryas,anubis,F,R,Z,TQ,Papio_anubis
NMNH384238Papio_cynocephalus,NMNH,384238,Catarrhini,Papio,hamadryas,cynocephalus,F,R,W,TQ,Papio_cynocephalus
NMNH384239Papio_cynocephalus,NMNH,384239,Catarrhini,Papio,hamadryas,cynocephalus,F,R,W,TQ,Papio_cynocephalus
NMNH395438Papio_anubis_neumanni,NMNH,395438,Catarrhini,Papio,hamadryas,anubis,F,R,Z,TQ,Papio_anubis
NMNH396185Papio_cynocephalus,NMNH,396185,Catarrhini,Papio,hamadryas,cynocephalus,U,R,Z,TQ,Papio_cynocephalus
NMNH396187Papio_cynocephalus,NMNH,396187,Catarrhini,Papio,hamadryas,cynocephalus,U,R,Z,TQ,Papio_cynocephalus
NMNH396188Papio_cynocephalus,NMNH,396188,Catarrhini,Papio,hamadryas,cynocephalus,M,R,Z,TQ,Papio_cynocephalus
NMNH397476Papio_anubis,NMNH,397476,Catarrhini,Papio,hamadryas,anubis,F,R,Z,TQ,Papio_anubis
NMNH452508Papio_cynocephalus,NMNH,452508,Catarrhini,Papio,hamadryas,cynocephalus,F,R,W,TQ,Papio_cynocephalus
NMNH452509Papio_cynocephalus,NMNH,452509,Catarrhini,Papio,hamadryas,cynocephalus,M,R,W,TQ,Papio_cynocephalus
BMNH1846-12-12-2Perodicticus_potto,BMNH,1846-12-12-2,Lorisiformes,Perodicticus,potto,NA,U,L,U,AQ/Slow,Perodicticus_potto
BMNH1932-8-1-21Perodicticus_potto,BMNH,1932-8-1-21,Lorisiformes,Perodicticus,potto,NA,M,R,W,AQ/Slow,Perodicticus_potto
BMNH1948-588Perodicticus_potto_edwardsi,BMNH,1948-588,Lorisiformes,Perodicticus,potto,edwardsi,M,R,W,AQ/Slow,Perodicticus_potto
BMNH1948-589Perodicticus_potto_edwardsi,BMNH,1948-589,Lorisiformes,Perodicticus,potto,edwardsi,F,R,W,AQ/Slow,Perodicticus_potto
BMNH1948-590Perodicticus_potto_edwardsi,BMNH,1948-590,Lorisiformes,Perodicticus,potto,edwardsi,M,R,W,AQ/Slow,Perodicticus_potto
BMNH1948-591Perodicticus_potto,BMNH,1948-591,Lorisiformes,Perodicticus,potto,NA,F,L,W,AQ/Slow,Perodicticus_potto
BMNH1948-594aPerodicticus_potto_edwardsi,BMNH,1948-594a,Lorisiformes,Perodicticus,potto,edwardsi,M,L,U,AQ/Slow,Perodicticus_potto
BMNH1951-9-15-1Perodicticus_potto,BMNH,1951-9-15-1,Lorisiformes,Perodicticus,potto,NA,U,L,W,AQ/Slow,Perodicticus_potto
BMNH1955-6-25-5Perodicticus_potto,BMNH,1955-6-25-5,Lorisiformes,Perodicticus,potto,NA,U,L,W,AQ/Slow,Perodicticus_potto
BMNH1977-876Perodicticus_potto,BMNH,1977-876,Lorisiformes,Perodicticus,potto,NA,M,R,W,AQ/Slow,Perodicticus_potto
BMNH1977-878Perodicticus_potto,BMNH,1977-878,Lorisiformes,Perodicticus,potto,NA,M,R,W,AQ/Slow,Perodicticus_potto
BMNH1977-882Perodicticus_potto,BMNH,1977-882,Lorisiformes,Perodicticus,potto,NA,U,R,W,AQ/Slow,Perodicticus_potto
BMNH1977-885Perodicticus_potto,BMNH,1977-885,Lorisiformes,Perodicticus,potto,NA,U,R,W,AQ/Slow,Perodicticus_potto
FMNH148987Perodicticus_potto,FMNH,148987,Lorisiformes,Perodicticus,potto,NA,M,R,W,AQ/Slow,Perodicticus_potto
MNHN1921-29Perodicticus_potto,MNHN,1921-29,Lorisiformes,Perodicticus,potto,NA,U,R,W,AQ/Slow,Perodicticus_potto
MNHN1931-367Perodicticus_potto,MNHN,1931-367,Lorisiformes,Perodicticus,potto,NA,U,R,U,AQ/Slow,Perodicticus_potto
MNHN1958-773Perodicticus_potto,MNHN,1958-773,Lorisiformes,Perodicticus,potto,NA,U,R,W,AQ/Slow,Perodicticus_potto
MNHN2002-96Perodicticus_potto,MNHN,2002-96,Lorisiformes,Perodicticus,potto,NA,U,L,U,AQ/Slow,Perodicticus_potto
MNHN2004-299Perodicticus_potto,MNHN,2004-299,Lorisiformes,Perodicticus,potto,NA,U,R,Z,AQ/Slow,Perodicticus_potto
NMNH184231Perodicticus_potto_ibeanus,NMNH,184231,Lorisiformes,Perodicticus,potto,ibeanus,M,R,W,AQ/Slow,Perodicticus_potto
NMNH184232Perodicticus_potto_ibeanus,NMNH,184232,Lorisiformes,Perodicticus,potto,ibeanus,M,R,W,AQ/Slow,Perodicticus_potto
NMNH481737Perodicticus_potto_potto,NMNH,481737,Lorisiformes,Perodicticus,potto,potto,F,L,W,AQ/Slow,Perodicticus_potto
NMNH481738Perodicticus_potto_potto,NMNH,481738,Lorisiformes,Perodicticus,potto,potto,M,R,W,AQ/Slow,Perodicticus_potto
NMNH481740Perodicticus_potto_potto,NMNH,481740,Lorisiformes,Perodicticus,potto,potto,M,R,W,AQ/Slow,Perodicticus_potto
BMNH1845-10-2-1Pongo_pygmaeus,BMNH,1845-10-2-1,Catarrhini,Pongo,pygmaeus,NA,M,R,U,Suspensory,Pongo_pygmaeus
BMNH1868-4-16-2Pongo_pygmaeus,BMNH,1868-4-16-2,Catarrhini,Pongo,pygmaeus,NA,M,R,W,Suspensory,Pongo_pygmaeus
BMNH1880-4-10-2Pongo_pygmaeus,BMNH,1880-4-10-2,Catarrhini,Pongo,pygmaeus,NA,F,R,W,Suspensory,Pongo_pygmaeus
BMNH1948-10-25-1Pongo_pygmaeus,BMNH,1948-10-25-1,Catarrhini,Pongo,pygmaeus,NA,M,R,W,Suspensory,Pongo_pygmaeus
BMNH1948-7-6-1Pongo_pygmaeus,BMNH,1948-7-6-1,Catarrhini,Pongo,pygmaeus,NA,F,R,Z,Suspensory,Pongo_pygmaeus
BMNH1948-9-9-2Pongo_pygmaeus,BMNH,1948-9-9-2,Catarrhini,Pongo,pygmaeus,NA,M,R,Z,Suspensory,Pongo_pygmaeus
BMNH1973-1570Pongo_pygmaeus_pygmaeus,BMNH,1973-1570,Catarrhini,Pongo,pygmaeus,pygmaeus,M,R,W/Z,Suspensory,Pongo_pygmaeus
BMNH1976-438Pongo_pygmaeus,BMNH,1976-438,Catarrhini,Pongo,pygmaeus,NA,U,R,U,Suspensory,Pongo_pygmaeus
BMNH1986-1097Pongo_pygmaeus,BMNH,1986-1097,Catarrhini,Pongo,pygmaeus,NA,M,R,W,Suspensory,Pongo_pygmaeus
BMNH1986-1103Pongo_pygmaeus,BMNH,1986-1103,Catarrhini,Pongo,pygmaeus,NA,U,R,U,Suspensory,Pongo_pygmaeus
BMNH1986-1114Pongo_pygmaeus,BMNH,1986-1114,Catarrhini,Pongo,pygmaeus,NA,M,R,W,Suspensory,Pongo_pygmaeus
BMNH1986-1120Pongo_pygmaeus,BMNH,1986-1120,Catarrhini,Pongo,pygmaeus,NA,M,R,U,Suspensory,Pongo_pygmaeus
BMNH2003-362Pongo_pygmaeus,BMNH,2003-362,Catarrhini,Pongo,pygmaeus,NA,M,R,W,Suspensory,Pongo_pygmaeus
NMNH143593Pongo_pygmaeus_abelii,NMNH,143593,Catarrhini,Pongo,pygmaeus,abelii,M,R,W,Suspensory,Pongo_abelii
NMNH145301Pongo_pygmaeus_pygmaeus,NMNH,145301,Catarrhini,Pongo,pygmaeus,pygmaeus,M,R,W,Suspensory,Pongo_pygmaeus
NMNH153823Pongo_pygmaeus,NMNH,153823,Catarrhini,Pongo,pygmaeus,NA,M,R,W,Suspensory,Pongo_pygmaeus
BMNH1930-3-1-6Colobus_badius_tephrosceles,BMNH,1930-3-1-6,Catarrhini,Procolobus,badius,tephrosceles,F,R,W,AQ/Leap,Procolobus_badius
BMNH1930-8-1-2Colobus_badius_tephrosceles,BMNH,1930-8-1-2,Catarrhini,Procolobus,badius,tephrosceles,M,L,W,AQ/Leap,Procolobus_badius
BMNH1940-108Colobus_badius_preussi,BMNH,1940-108,Catarrhini,Procolobus,badius,preussi,M,R,W,AQ/Leap,Procolobus_badius
BMNH1968-7-25-1Colobus_badius_tephrosceles,BMNH,1968-7-25-1,Catarrhini,Procolobus,badius,tephrosceles,M,R,W,AQ/Leap,Procolobus_badius
BMNH72-132Colobus_badius_kirkii,BMNH,72-132,Catarrhini,Procolobus,badius,kirkii,F,R,W,AQ/Leap,Procolobus_badius
BMNH72-133Colobus_badius_tephrosceles,BMNH,72-133,Catarrhini,Procolobus,badius,tephrosceles,M,R,W,AQ/Leap,Procolobus_badius
BMNH74-4-20-1Colobus_badius_kirkii,BMNH,74-4-20-1,Catarrhini,Procolobus,badius,kirkii,F,L,W,AQ/Leap,Procolobus_badius
BMNH82-209Colobus_badius_temminckii,BMNH,82-209,Catarrhini,Procolobus,badius,temminckii,F,R,W,AQ/Leap,Procolobus_badius
AMNH31255Propithecus_verreauxi,AMNH,31255,Lemuriformes,Propithecus,verreauxi,NA,U,R,W,VCL,Propithecus_verreauxi
AMNH170474Propithecus_verreauxi_verreauxi,AMNH,170474,Lemuriformes,Propithecus,verreauxi,verreauxi,F,R,W,VCL,Propithecus_verreauxi
AMNH170491Propithecus_verreauxi_verreauxi,AMNH,170491,Lemuriformes,Propithecus,verreauxi,verreauxi,F,R,W,VCL,Propithecus_verreauxi
AMNH257141Propithecus_verreauxi_majori,AMNH,257141,Lemuriformes,Propithecus,verreauxi,majori,F,R,W,VCL,Propithecus_verreauxi
BMOC001Propithecus_verreauxi,BMOC,1,Lemuriformes,Propithecus,verreauxi,NA,U,R,W,VCL,Propithecus_verreauxi
BMOC008Propithecus_verreauxi,BMOC,8,Lemuriformes,Propithecus,verreauxi,NA,U,R,W,VCL,Propithecus_verreauxi
BMOC011Propithecus_verreauxi,BMOC,11,Lemuriformes,Propithecus,verreauxi,NA,M,R,W,VCL,Propithecus_verreauxi
BMOC015Propithecus_verreauxi,BMOC,15,Lemuriformes,Propithecus,verreauxi,NA,F,R,W,VCL,Propithecus_verreauxi
BMOC019Propithecus_verreauxi,BMOC,19,Lemuriformes,Propithecus,verreauxi,NA,U,L,W,VCL,Propithecus_verreauxi
BMOC020Propithecus_verreauxi,BMOC,20,Lemuriformes,Propithecus,verreauxi,NA,U,R,W,VCL,Propithecus_verreauxi
BMOC028Propithecus_verreauxi,BMOC,28,Lemuriformes,Propithecus,verreauxi,NA,U,R,W,VCL,Propithecus_verreauxi
BMOC073Propithecus_verreauxi,BMOC,73,Lemuriformes,Propithecus,verreauxi,NA,U,R,W,VCL,Propithecus_verreauxi
BMOC075Propithecus_verreauxi,BMOC,75,Lemuriformes,Propithecus,verreauxi,NA,U,L,W,VCL,Propithecus_verreauxi
BMOC112Propithecus_verreauxi,BMOC,112,Lemuriformes,Propithecus,verreauxi,NA,U,R,W,VCL,Propithecus_verreauxi
BMOC137Propithecus_verreauxi,BMOC,137,Lemuriformes,Propithecus,verreauxi,NA,U,R,W,VCL,Propithecus_verreauxi
BMOC142Propithecus_verreauxi,BMOC,142,Lemuriformes,Propithecus,verreauxi,NA,M,L,W,VCL,Propithecus_verreauxi
BMOC157Propithecus_verreauxi,BMOC,157,Lemuriformes,Propithecus,verreauxi,NA,U,R,W,VCL,Propithecus_verreauxi
BMOC163Propithecus_verreauxi,BMOC,163,Lemuriformes,Propithecus,verreauxi,NA,U,R,W,VCL,Propithecus_verreauxi
BMOC172Propithecus_verreauxi,BMOC,172,Lemuriformes,Propithecus,verreauxi,NA,M,R,W,VCL,Propithecus_verreauxi
BMOC174Propithecus_verreauxi,BMOC,174,Lemuriformes,Propithecus,verreauxi,NA,M,L,W,VCL,Propithecus_verreauxi
BMOC197Propithecus_verreauxi,BMOC,197,Lemuriformes,Propithecus,verreauxi,NA,U,R,W,VCL,Propithecus_verreauxi
FMNH89204Propithecus_verreauxi_verreauxi,FMNH,89204,Lemuriformes,Propithecus,verreauxi,verreauxi,F,R,W,VCL,Propithecus_verreauxi
MNHN1922-434Propithecus_verreauxi,MNHN,1922-434,Lemuriformes,Propithecus,verreauxi,NA,U,R,W,VCL,Propithecus_verreauxi
MNHN1932-474aPropithecus_verreauxi,MNHN,1932-474a,Lemuriformes,Propithecus,verreauxi,NA,F,R,W,VCL,Propithecus_verreauxi
MNHN1932-474bPropithecus_verreauxi,MNHN,1932-474b,Lemuriformes,Propithecus,verreauxi,NA,U,U,W,VCL,Propithecus_verreauxi
MNHN1932-486aPropithecus_verreauxi,MNHN,1932-486a,Lemuriformes,Propithecus,verreauxi,NA,M,R,W/Z,VCL,Propithecus_verreauxi
MNHN1932-486bPropithecus_verreauxi,MNHN,1932-486b,Lemuriformes,Propithecus,verreauxi,NA,M,R,W/Z,VCL,Propithecus_verreauxi
MNHN1939-330Propithecus_verreauxi,MNHN,1939-330,Lemuriformes,Propithecus,verreauxi,NA,M,R,W,VCL,Propithecus_verreauxi
AMNH188080Saimiri_sciureus_sciureus,AMNH,188080,Platyrrhini,Saimiri,sciureus,sciureus,F,R,W,AQ,Saimiri_sciureus
AMNH188091Saimiri_sciureus_sciureus,AMNH,188091,Platyrrhini,Saimiri,sciureus,sciureus,F,R,W,AQ,Saimiri_sciureus
AMNH209928Saimiri_boliviensis_boliviensis,AMNH,209928,Platyrrhini,Saimiri,boliviensis,boliviensis,F,L,W,AQ,Saimiri_boliviensis
AMNH209929Saimiri_boliviensis_boliviensis,AMNH,209929,Platyrrhini,Saimiri,boliviensis,boliviensis,M,R,W,AQ,Saimiri_boliviensis
AMNH211591Saimiri_boliviensis_boliviensis,AMNH,211591,Platyrrhini,Saimiri,boliviensis,boliviensis,F,R,W,AQ,Saimiri_boliviensis
AMNH211594Saimiri_boliviensis_boliviensis,AMNH,211594,Platyrrhini,Saimiri,boliviensis,boliviensis,M,R,W,AQ,Saimiri_boliviensis
AMNH211596Saimiri_boliviensis_boliviensis,AMNH,211596,Platyrrhini,Saimiri,boliviensis,boliviensis,M,R,W,AQ,Saimiri_boliviensis
AMNH211601Saimiri_boliviensis_boliviensis,AMNH,211601,Platyrrhini,Saimiri,boliviensis,boliviensis,M,R,W,AQ,Saimiri_boliviensis
AMNH211607Saimiri_boliviensis_boliviensis,AMNH,211607,Platyrrhini,Saimiri,boliviensis,boliviensis,M,R,W,AQ,Saimiri_boliviensis
AMNH211613Saimiri_boliviensis_boliviensis,AMNH,211613,Platyrrhini,Saimiri,boliviensis,boliviensis,F,R,W,AQ,Saimiri_boliviensis
AMNH211615Saimiri_boliviensis_boliviensis,AMNH,211615,Platyrrhini,Saimiri,boliviensis,boliviensis,F,R,W,AQ,Saimiri_boliviensis
AMNH211623Saimiri_boliviensis_boliviensis,AMNH,211623,Platyrrhini,Saimiri,boliviensis,boliviensis,M,R,W,AQ,Saimiri_boliviensis
AMNH211624Saimiri_boliviensis_boliviensis,AMNH,211624,Platyrrhini,Saimiri,boliviensis,boliviensis,M,R,W,AQ,Saimiri_boliviensis
AMNH211631Saimiri_boliviensis_boliviensis,AMNH,211631,Platyrrhini,Saimiri,boliviensis,boliviensis,F,L,W,AQ,Saimiri_boliviensis
AMNH211637Saimiri_boliviensis_boliviensis,AMNH,211637,Platyrrhini,Saimiri,boliviensis,boliviensis,M,R,W,AQ,Saimiri_boliviensis
AMNH211639Saimiri_boliviensis_boliviensis,AMNH,211639,Platyrrhini,Saimiri,boliviensis,boliviensis,F,L,W,AQ,Saimiri_boliviensis
AMNH211651Saimiri_boliviensis_boliviensis,AMNH,211651,Platyrrhini,Saimiri,boliviensis,boliviensis,M,R,W,AQ,Saimiri_boliviensis
AMNH211653Saimiri_boliviensis_boliviensis,AMNH,211653,Platyrrhini,Saimiri,boliviensis,boliviensis,F,R,W,AQ,Saimiri_boliviensis
AMNH106583Symphalangus_syndactylus,AMNH,106583,Catarrhini,Symphalangus,syndactylus,NA,F,R,W,Suspensory,Symphalangus_syndactylus
AMNH106584Symphalangus_syndactylus,AMNH,106584,Catarrhini,Symphalangus,syndactylus,NA,F,R,W,Suspensory,Symphalangus_syndactylus
FMNH60340Symphalangus_syndactylus,FMNH,60340,Catarrhini,Symphalangus,syndactylus,NA,F,R,Z,Suspensory,Symphalangus_syndactylus
NMNH49746Symphalangus_syndactylus,NMNH,49746,Catarrhini,Symphalangus,syndactylus,NA,M,R,W,Suspensory,Symphalangus_syndactylus
NMNH49747Symphalangus_syndactylus,NMNH,49747,Catarrhini,Symphalangus,syndactylus,NA,F,R,W,Suspensory,Symphalangus_syndactylus
NMNH49748Symphalangus_syndactylus,NMNH,49748,Catarrhini,Symphalangus,syndactylus,NA,F,R,W,Suspensory,Symphalangus_syndactylus
NMNH49877Symphalangus_syndactylus,NMNH,49877,Catarrhini,Symphalangus,syndactylus,NA,F,R,W,Suspensory,Symphalangus_syndactylus
NMNH271048Symphalangus_syndactylus,NMNH,271048,Catarrhini,Symphalangus,syndactylus,NA,F,R,W,Suspensory,Symphalangus_syndactylus
NMNH519573Symphalangus_syndactylus,NMNH,519573,Catarrhini,Symphalangus,syndactylus,NA,F,R,Z,Suspensory,Symphalangus_syndactylus
FMNH47767Theropithecus_gelada,FMNH,47767,Catarrhini,Theropithecus,gelada,NA,F,R,Z,TQ,Theropithecus_gelada
MNHN1904-161Theropithecus_gelada,MNHN,1904-161,Catarrhini,Theropithecus,gelada,NA,F,R,W,TQ,Theropithecus_gelada
MNHN1971-10Theropithecus_gelada,MNHN,1971-10,Catarrhini,Theropithecus,gelada,NA,F,R,Z,TQ,Theropithecus_gelada
NMNH240885Theropithecus_gelada,NMNH,240885,Catarrhini,Theropithecus,gelada,NA,M,R,Z,TQ,Theropithecus_gelada
NMNH319992Theropithecus_gelada,NMNH,319992,Catarrhini,Theropithecus,gelada,NA,F,R,Z,TQ,Theropithecus_gelada
NMNH354990Theropithecus_gelada,NMNH,354990,Catarrhini,Theropithecus,gelada,NA,F,R,Z,TQ,Theropithecus_gelada
AMNH100512Varecia_variegata_variegata,AMNH,100512,Lemuriformes,Varecia,variegata,variegata,F,R,W,AQ,Varecia_variegata
FMNH104939Varecia_variegata,FMNH,104939,Lemuriformes,Varecia,variegata,NA,M,R,Z,AQ,Varecia_variegata
FMNH134468Varecia_variegata,FMNH,134468,Lemuriformes,Varecia,variegata,NA,U,R,Z,AQ,Varecia_variegata
MNHN1871-392Varecia_variegata,MNHN,1871-392,Lemuriformes,Varecia,variegata,NA,U,R,W,AQ,Varecia_variegata
MNHN1871-393Varecia_variegata,MNHN,1871-393,Lemuriformes,Varecia,variegata,NA,M,R,W,AQ,Varecia_variegata
MNHN1885-6Varecia_variegata,MNHN,1885-6,Lemuriformes,Varecia,variegata,NA,U,R,Z,AQ,Varecia_variegata
MNHN1896-286Varecia_variegata,MNHN,1896-286,Lemuriformes,Varecia,variegata,NA,M,R,Z,AQ,Varecia_variegata
MNHN1898-195Varecia_variegata,MNHN,1898-195,Lemuriformes,Varecia,variegata,NA,U,L,Z,AQ,Varecia_variegata
MNHN1900-31Varecia_variegata,MNHN,1900-31,Lemuriformes,Varecia,variegata,NA,U,R,Z,AQ,Varecia_variegata
MNHN1901-520Varecia_variegata,MNHN,1901-520,Lemuriformes,Varecia,variegata,NA,U,L,W,AQ,Varecia_variegata
MNHN1934-596Varecia_variegata,MNHN,1934-596,Lemuriformes,Varecia,variegata,NA,U,R,W,AQ,Varecia_variegata
MNHN1948-13Varecia_variegata,MNHN,1948-13,Lemuriformes,Varecia,variegata,NA,M,L,Z,AQ,Varecia_variegata
MNHNA3918Varecia_variegata,MNHN,A3918,Lemuriformes,Varecia,variegata,NA,F,R,Z,AQ,Varecia_variegata
MNHNA3921Varecia_variegata,MNHN,A3921,Lemuriformes,Varecia,variegata,NA,M,R,W,AQ,Varecia_variegata
